station,time,temp_celsius,humidity,wind_speed,weather,rain_amount,snow_amount
Berlin Gesundbrunnen,2025-01-01 00:00:00,4.36,93,11.09,overcast clouds,0.0,0.0
Berlin Gesundbrunnen,2025-01-01 01:00:00,4.84,81,11.53,overcast clouds,0.0,0.0
Berlin Gesundbrunnen,2025-01-01 02:00:00,5.45,83,11.7,light rain,0.42,0.0
Berlin Gesundbrunnen,2025-01-01 03:00:00,5.42,84,11.82,moderate rain,1.33,0.0
Berlin Gesundbrunnen,2025-01-01 04:00:00,5.92,84,11.61,moderate rain,2.37,0.0
Berlin Gesundbrunnen,2025-01-01 05:00:00,6.53,86,11.95,light rain,0.13,0.0
Berlin Gesundbrunnen,2025-01-01 06:00:00,6.59,87,12.8,light rain,0.52,0.0
Berlin Gesundbrunnen,2025-01-01 07:00:00,7.21,86,12.91,light rain,0.73,0.0
Berlin Gesundbrunnen,2025-01-01 08:00:00,7.0,85,13.43,light rain,0.6,0.0
Berlin Gesundbrunnen,2025-01-01 09:00:00,7.56,83,13.76,light rain,0.18,0.0
Berlin Gesundbrunnen,2025-01-01 10:00:00,7.61,83,13.64,moderate rain,1.26,0.0
Berlin Gesundbrunnen,2025-01-01 11:00:00,7.61,81,13.55,light rain,0.65,0.0
Berlin Gesundbrunnen,2025-01-01 12:00:00,7.61,81,13.63,moderate rain,1.09,0.0
Berlin Gesundbrunnen,2025-01-01 13:00:00,7.62,83,13.66,moderate rain,1.15,0.0
Berlin Gesundbrunnen,2025-01-01 14:00:00,7.2,84,13.77,moderate rain,1.54,0.0
Berlin Gesundbrunnen,2025-01-01 15:00:00,7.15,85,13.98,moderate rain,1.63,0.0
Berlin Gesundbrunnen,2025-01-01 16:00:00,7.27,86,13.85,moderate rain,1.94,0.0
Berlin Gesundbrunnen,2025-01-01 17:00:00,7.61,84,13.96,moderate rain,1.2,0.0
Berlin Gesundbrunnen,2025-01-01 18:00:00,7.57,84,13.34,moderate rain,1.26,0.0
Berlin Gesundbrunnen,2025-01-01 19:00:00,6.83,90,10.64,light rain,0.87,0.0
Berlin Gesundbrunnen,2025-01-01 20:00:00,5.74,86,8.42,moderate rain,3.76,0.0
Berlin Gesundbrunnen,2025-01-01 21:00:00,5.08,87,8.77,moderate rain,1.94,0.0
Berlin Gesundbrunnen,2025-01-01 22:00:00,5.41,86,9.32,moderate rain,1.46,0.0
Berlin Gesundbrunnen,2025-01-01 23:00:00,5.15,87,9.37,light rain,0.6,0.0
Berlin Gesundbrunnen,2025-01-02 00:00:00,5.45,89,10.09,moderate rain,1.26,0.0
Berlin Gesundbrunnen,2025-01-02 01:00:00,5.41,88,10.72,moderate rain,2.69,0.0
Berlin Gesundbrunnen,2025-01-02 02:00:00,4.65,92,7.2,heavy intensity rain,13.32,0.0
Berlin Gesundbrunnen,2025-01-02 03:00:00,3.67,68,7.0,moderate rain,1.33,0.0
Berlin Gesundbrunnen,2025-01-02 04:00:00,3.24,66,8.17,overcast clouds,0.0,0.0
Berlin Gesundbrunnen,2025-01-02 05:00:00,2.87,64,7.19,broken clouds,0.0,0.0
Berlin Gesundbrunnen,2025-01-02 06:00:00,2.2,69,7.62,broken clouds,0.0,0.0
Berlin Gesundbrunnen,2025-01-02 07:00:00,1.42,73,7.05,broken clouds,0.0,0.0
Berlin Gesundbrunnen,2025-01-02 08:00:00,1.48,76,5.34,clear sky,0.0,0.0
Berlin Gesundbrunnen,2025-01-02 09:00:00,1.45,78,4.8,clear sky,0.0,0.0
Berlin Gesundbrunnen,2025-01-02 10:00:00,2.09,76,5.54,clear sky,0.0,0.0
Berlin Gesundbrunnen,2025-01-02 11:00:00,2.59,74,5.43,clear sky,0.0,0.0
Berlin Gesundbrunnen,2025-01-02 12:00:00,3.5,73,5.39,few clouds,0.0,0.0
Berlin Gesundbrunnen,2025-01-02 13:00:00,3.66,75,4.0,broken clouds,0.0,0.0
Berlin Gesundbrunnen,2025-01-02 14:00:00,3.93,76,3.58,broken clouds,0.0,0.0
Berlin Gesundbrunnen,2025-01-02 15:00:00,3.57,78,3.21,broken clouds,0.0,0.0
Berlin Gesundbrunnen,2025-01-02 16:00:00,2.78,82,3.25,overcast clouds,0.0,0.0
Berlin Gesundbrunnen,2025-01-02 17:00:00,1.97,86,4.0,overcast clouds,0.0,0.0
Berlin Gesundbrunnen,2025-01-02 18:00:00,1.66,85,4.68,overcast clouds,0.0,0.0
Berlin Gesundbrunnen,2025-01-02 19:00:00,1.32,85,5.26,broken clouds,0.0,0.0
Berlin Gesundbrunnen,2025-01-02 20:00:00,1.05,85,4.93,snow,0.0,0.82
Berlin Gesundbrunnen,2025-01-02 21:00:00,1.06,83,5.05,overcast clouds,0.0,0.0
Berlin Gesundbrunnen,2025-01-02 22:00:00,0.79,84,4.25,overcast clouds,0.0,0.0
Berlin Gesundbrunnen,2025-01-02 23:00:00,0.75,86,3.96,overcast clouds,0.0,0.0
Berlin Gesundbrunnen,2025-01-03 00:00:00,0.72,85,3.97,overcast clouds,0.0,0.0
Berlin Gesundbrunnen,2025-01-03 01:00:00,0.73,87,4.04,overcast clouds,0.0,0.0
Berlin Gesundbrunnen,2025-01-03 02:00:00,0.76,85,4.25,overcast clouds,0.0,0.0
Berlin Gesundbrunnen,2025-01-03 03:00:00,0.34,82,4.53,overcast clouds,0.0,0.0
Berlin Gesundbrunnen,2025-01-03 04:00:00,0.38,79,5.21,overcast clouds,0.0,0.0
Berlin Gesundbrunnen,2025-01-03 05:00:00,0.35,77,6.0,overcast clouds,0.0,0.0
Berlin Gesundbrunnen,2025-01-03 06:00:00,0.35,75,6.68,snow,0.0,2.43
Berlin Gesundbrunnen,2025-01-03 07:00:00,0.38,82,6.66,snow,0.0,0.81
Berlin Gesundbrunnen,2025-01-03 08:00:00,0.38,73,8.24,snow,0.0,2.02
Berlin Gesundbrunnen,2025-01-03 09:00:00,0.51,74,8.79,snow,0.0,0.67
Berlin Gesundbrunnen,2025-01-03 10:00:00,0.47,78,10.12,snow,0.0,4.1
Berlin Gesundbrunnen,2025-01-03 11:00:00,0.13,89,6.31,light snow,0.0,0.22
Berlin Gesundbrunnen,2025-01-03 12:00:00,0.13,78,7.93,snow,0.0,0.6
Berlin Gesundbrunnen,2025-01-03 13:00:00,-0.08,71,7.41,light snow,0.0,0.15
Berlin Gesundbrunnen,2025-01-03 14:00:00,0.35,68,7.4,overcast clouds,0.0,0.0
Berlin Gesundbrunnen,2025-01-03 15:00:00,0.05,67,7.1,overcast clouds,0.0,0.0
Berlin Gesundbrunnen,2025-01-03 16:00:00,-0.36,70,5.6,broken clouds,0.0,0.0
Berlin Gesundbrunnen,2025-01-03 17:00:00,-0.99,75,4.38,broken clouds,0.0,0.0
Berlin Gesundbrunnen,2025-01-03 18:00:00,-1.24,76,4.82,scattered clouds,0.0,0.0
Berlin Gesundbrunnen,2025-01-03 19:00:00,-1.06,77,4.58,scattered clouds,0.0,0.0
Berlin Gesundbrunnen,2025-01-03 20:00:00,-1.15,75,5.46,broken clouds,0.0,0.0
Berlin Gesundbrunnen,2025-01-03 21:00:00,-1.42,71,6.02,scattered clouds,0.0,0.0
Berlin Gesundbrunnen,2025-01-03 22:00:00,-0.98,72,6.11,few clouds,0.0,0.0
Berlin Gesundbrunnen,2025-01-03 23:00:00,-0.78,76,5.6,few clouds,0.0,0.0
Berlin Gesundbrunnen,2025-01-04 00:00:00,-1.11,78,5.15,few clouds,0.0,0.0
Berlin Gesundbrunnen,2025-01-04 01:00:00,-1.45,81,4.27,few clouds,0.0,0.0
Berlin Gesundbrunnen,2025-01-04 02:00:00,-1.57,84,3.37,clear sky,0.0,0.0
Berlin Gesundbrunnen,2025-01-04 03:00:00,-2.06,85,2.95,few clouds,0.0,0.0
Berlin Gesundbrunnen,2025-01-04 04:00:00,-2.18,85,2.65,few clouds,0.0,0.0
Berlin Gesundbrunnen,2025-01-04 05:00:00,-2.23,85,2.64,few clouds,0.0,0.0
Berlin Gesundbrunnen,2025-01-04 06:00:00,-1.99,86,2.88,few clouds,0.0,0.0
Berlin Gesundbrunnen,2025-01-04 07:00:00,-1.59,95,2.83,scattered clouds,0.0,0.0
Berlin Gesundbrunnen,2025-01-04 08:00:00,-1.32,95,2.93,overcast clouds,0.0,0.0
Berlin Gesundbrunnen,2025-01-04 09:00:00,-1.02,93,3.22,overcast clouds,0.0,0.0
Berlin Gesundbrunnen,2025-01-04 10:00:00,-0.92,89,3.64,overcast clouds,0.0,0.0
Berlin Gesundbrunnen,2025-01-04 11:00:00,-0.69,88,3.88,overcast clouds,0.0,0.0
Berlin Gesundbrunnen,2025-01-04 12:00:00,-0.3,88,4.68,overcast clouds,0.0,0.0
Berlin Gesundbrunnen,2025-01-04 13:00:00,-0.25,97,4.52,light snow,0.0,0.11
Berlin Gesundbrunnen,2025-01-04 14:00:00,0.31,98,5.47,light snow,0.0,0.14
Berlin Gesundbrunnen,2025-01-04 15:00:00,0.32,98,4.78,light snow,0.0,0.14
Berlin Gesundbrunnen,2025-01-04 16:00:00,0.32,97,4.67,light snow,0.0,0.39
Berlin Gesundbrunnen,2025-01-04 17:00:00,0.32,98,4.83,snow,0.0,0.69
Berlin Gesundbrunnen,2025-01-04 18:00:00,0.4,99,5.15,snow,0.0,0.53
Berlin Gesundbrunnen,2025-01-04 19:00:00,0.63,97,5.28,light snow,0.0,0.28
Berlin Gesundbrunnen,2025-01-04 20:00:00,0.58,95,4.99,overcast clouds,0.0,0.0
Berlin Gesundbrunnen,2025-01-04 21:00:00,0.61,93,4.84,overcast clouds,0.0,0.0
Berlin Gesundbrunnen,2025-01-04 22:00:00,0.32,92,4.71,overcast clouds,0.0,0.0
Berlin Gesundbrunnen,2025-01-04 23:00:00,0.68,92,4.21,overcast clouds,0.0,0.0
Berlin Gesundbrunnen,2025-01-05 00:00:00,0.72,93,3.77,overcast clouds,0.0,0.0
Berlin Gesundbrunnen,2025-01-05 01:00:00,0.72,95,3.01,overcast clouds,0.0,0.0
Berlin Gesundbrunnen,2025-01-05 02:00:00,0.76,96,2.92,overcast clouds,0.0,0.0
Berlin Gesundbrunnen,2025-01-05 03:00:00,0.76,97,3.06,overcast clouds,0.0,0.0
Berlin Gesundbrunnen,2025-01-05 04:00:00,0.68,99,2.69,overcast clouds,0.0,0.0
Berlin Gesundbrunnen,2025-01-05 05:00:00,0.32,99,2.62,overcast clouds,0.0,0.0
Berlin Gesundbrunnen,2025-01-05 06:00:00,0.6,97,2.93,overcast clouds,0.0,0.0
Berlin Gesundbrunnen,2025-01-05 07:00:00,0.29,97,3.41,overcast clouds,0.0,0.0
Berlin Gesundbrunnen,2025-01-05 08:00:00,0.1,95,3.62,overcast clouds,0.0,0.0
Berlin Gesundbrunnen,2025-01-05 09:00:00,-0.32,94,3.96,overcast clouds,0.0,0.0
Berlin Gesundbrunnen,2025-01-05 10:00:00,-0.02,92,4.76,overcast clouds,0.0,0.0
Berlin Gesundbrunnen,2025-01-05 11:00:00,0.34,90,5.55,overcast clouds,0.0,0.0
Berlin Gesundbrunnen,2025-01-05 12:00:00,0.44,87,6.36,light snow,0.0,0.18
Berlin Gesundbrunnen,2025-01-05 13:00:00,0.78,85,6.75,light snow,0.0,0.27
Berlin Gesundbrunnen,2025-01-05 14:00:00,0.78,84,7.03,light snow,0.0,0.46
Berlin Gesundbrunnen,2025-01-05 15:00:00,0.44,87,7.15,snow,0.0,1.0
Berlin Gesundbrunnen,2025-01-05 16:00:00,0.42,90,8.18,light snow,0.0,0.18
Berlin Gesundbrunnen,2025-01-05 17:00:00,-0.03,95,9.08,snow,0.0,0.65
Berlin Gesundbrunnen,2025-01-05 18:00:00,-0.63,97,9.34,snow,0.0,0.95
Berlin Gesundbrunnen,2025-01-05 19:00:00,-0.63,97,9.06,snow,0.0,1.43
Berlin Gesundbrunnen,2025-01-05 20:00:00,-0.62,96,8.78,snow,0.0,1.43
Berlin Gesundbrunnen,2025-01-05 21:00:00,-0.61,96,8.09,heavy snow,0.0,5.96
Berlin Gesundbrunnen,2025-01-05 22:00:00,-0.52,97,7.1,snow,0.0,2.37
Berlin Gesundbrunnen,2025-01-05 23:00:00,-0.29,99,6.54,light snow,0.0,0.46
Berlin Gesundbrunnen,2025-01-06 00:00:00,0.02,100,6.01,snow,0.0,3.99
Berlin Gesundbrunnen,2025-01-06 01:00:00,0.13,100,5.14,snow,0.0,4.6
Berlin Gesundbrunnen,2025-01-06 02:00:00,0.78,100,4.84,snow,0.0,1.22
Berlin Gesundbrunnen,2025-01-06 09:00:00,9.6,93,7.82,overcast clouds,0.0,0.0
Berlin Gesundbrunnen,2025-01-06 10:00:00,9.91,93,7.82,overcast clouds,0.0,0.0
Berlin Gesundbrunnen,2025-01-06 11:00:00,9.9,90,8.02,overcast clouds,0.0,0.0
Berlin Gesundbrunnen,2025-01-06 12:00:00,9.99,94,8.35,light rain,0.49,0.0
Berlin Gesundbrunnen,2025-01-06 13:00:00,10.25,91,8.45,overcast clouds,0.0,0.0
Berlin Gesundbrunnen,2025-01-06 14:00:00,9.94,86,8.79,overcast clouds,0.0,0.0
Berlin Gesundbrunnen,2025-01-06 15:00:00,9.69,83,9.46,overcast clouds,0.0,0.0
Berlin Gesundbrunnen,2025-01-06 16:00:00,9.39,81,9.27,overcast clouds,0.0,0.0
Berlin Gesundbrunnen,2025-01-06 17:00:00,9.7,83,10.24,overcast clouds,0.0,0.0
Berlin Gesundbrunnen,2025-01-06 18:00:00,10.41,74,12.52,overcast clouds,0.0,0.0
Berlin Gesundbrunnen,2025-01-06 19:00:00,9.86,78,15.28,moderate rain,3.76,0.0
Berlin Gesundbrunnen,2025-01-06 20:00:00,7.82,80,13.18,overcast clouds,0.0,0.0
Berlin Gesundbrunnen,2025-01-06 21:00:00,7.1,82,12.79,overcast clouds,0.0,0.0
Berlin Gesundbrunnen,2025-01-06 22:00:00,6.14,72,13.48,overcast clouds,0.0,0.0
Berlin Gesundbrunnen,2025-01-06 23:00:00,6.01,75,11.88,overcast clouds,0.0,0.0
Berlin Gesundbrunnen,2025-01-07 00:00:00,5.8,76,11.68,overcast clouds,0.0,0.0
Berlin Gesundbrunnen,2025-01-07 01:00:00,5.36,72,11.44,overcast clouds,0.0,0.0
Berlin Gesundbrunnen,2025-01-07 02:00:00,5.22,73,11.0,scattered clouds,0.0,0.0
Berlin Gesundbrunnen,2025-01-07 03:00:00,5.37,72,10.9,scattered clouds,0.0,0.0
Berlin Gesundbrunnen,2025-01-07 04:00:00,4.96,74,10.51,scattered clouds,0.0,0.0
Berlin Gesundbrunnen,2025-01-07 05:00:00,4.92,81,10.72,scattered clouds,0.0,0.0
Berlin Gesundbrunnen,2025-01-07 06:00:00,5.0,74,11.39,scattered clouds,0.0,0.0
Berlin Gesundbrunnen,2025-01-07 07:00:00,4.75,82,9.41,broken clouds,0.0,0.0
Berlin Gesundbrunnen,2025-01-07 08:00:00,4.72,80,8.97,overcast clouds,0.0,0.0
Berlin Gesundbrunnen,2025-01-07 09:00:00,4.35,81,8.86,broken clouds,0.0,0.0
Berlin Gesundbrunnen,2025-01-07 10:00:00,4.31,75,9.24,scattered clouds,0.0,0.0
Berlin Gesundbrunnen,2025-01-07 11:00:00,4.65,73,9.0,scattered clouds,0.0,0.0
Berlin Gesundbrunnen,2025-01-07 12:00:00,4.98,77,9.01,scattered clouds,0.0,0.0
Berlin Gesundbrunnen,2025-01-07 13:00:00,5.26,77,8.84,scattered clouds,0.0,0.0
Berlin Gesundbrunnen,2025-01-07 14:00:00,5.19,73,8.54,broken clouds,0.0,0.0
Berlin Gesundbrunnen,2025-01-07 15:00:00,4.71,71,8.66,overcast clouds,0.0,0.0
Berlin Gesundbrunnen,2025-01-07 16:00:00,4.6,71,7.97,overcast clouds,0.0,0.0
Berlin Gesundbrunnen,2025-01-07 17:00:00,3.88,77,7.6,light rain,0.35,0.0
Berlin Gesundbrunnen,2025-01-07 18:00:00,3.26,88,7.55,broken clouds,0.0,0.0
Berlin Gesundbrunnen,2025-01-07 19:00:00,2.82,80,8.42,overcast clouds,0.0,0.0
Berlin Gesundbrunnen,2025-01-07 20:00:00,2.83,75,8.86,overcast clouds,0.0,0.0
Berlin Gesundbrunnen,2025-01-07 21:00:00,2.52,79,8.57,overcast clouds,0.0,0.0
Berlin Gesundbrunnen,2025-01-07 22:00:00,2.12,84,8.18,overcast clouds,0.0,0.0
Berlin Gesundbrunnen,2025-01-07 23:00:00,2.08,86,8.2,overcast clouds,0.0,0.0
Berlin Gesundbrunnen,2025-01-08 00:00:00,1.81,86,8.76,overcast clouds,0.0,0.0
Berlin Gesundbrunnen,2025-01-08 01:00:00,1.85,90,8.93,overcast clouds,0.0,0.0
Berlin Gesundbrunnen,2025-01-08 02:00:00,2.15,90,8.92,overcast clouds,0.0,0.0
Berlin Gesundbrunnen,2025-01-08 03:00:00,2.4,90,8.84,overcast clouds,0.0,0.0
Berlin Gesundbrunnen,2025-01-08 04:00:00,2.87,89,8.87,overcast clouds,0.0,0.0
Berlin Gesundbrunnen,2025-01-08 05:00:00,2.47,89,8.89,overcast clouds,0.0,0.0
Berlin Gesundbrunnen,2025-01-08 06:00:00,2.54,89,9.0,overcast clouds,0.0,0.0
Berlin Gesundbrunnen,2025-01-08 07:00:00,2.47,91,8.96,light rain,0.44,0.0
Berlin Gesundbrunnen,2025-01-08 08:00:00,2.52,90,8.92,broken clouds,0.0,0.0
Berlin Gesundbrunnen,2025-01-08 09:00:00,2.43,91,9.02,broken clouds,0.0,0.0
Berlin Gesundbrunnen,2025-01-08 10:00:00,2.54,90,9.7,broken clouds,0.0,0.0
Berlin Gesundbrunnen,2025-01-08 11:00:00,2.95,87,10.07,broken clouds,0.0,0.0
Berlin Gesundbrunnen,2025-01-08 12:00:00,3.6,85,10.44,broken clouds,0.0,0.0
Berlin Gesundbrunnen,2025-01-08 13:00:00,4.04,84,10.52,broken clouds,0.0,0.0
Berlin Gesundbrunnen,2025-01-08 14:00:00,4.27,84,9.86,broken clouds,0.0,0.0
Berlin Gesundbrunnen,2025-01-08 15:00:00,3.97,89,9.51,broken clouds,0.0,0.0
Berlin Gesundbrunnen,2025-01-08 16:00:00,4.13,86,9.03,broken clouds,0.0,0.0
Berlin Gesundbrunnen,2025-01-08 17:00:00,3.84,87,8.81,broken clouds,0.0,0.0
Berlin Gesundbrunnen,2025-01-08 18:00:00,3.48,89,7.49,overcast clouds,0.0,0.0
Berlin Gesundbrunnen,2025-01-08 19:00:00,2.91,89,7.22,overcast clouds,0.0,0.0
Berlin Gesundbrunnen,2025-01-08 20:00:00,2.21,90,6.97,overcast clouds,0.0,0.0
Berlin Gesundbrunnen,2025-01-08 21:00:00,1.77,91,6.25,overcast clouds,0.0,0.0
Berlin Gesundbrunnen,2025-01-08 22:00:00,1.13,93,5.68,overcast clouds,0.0,0.0
Berlin Gesundbrunnen,2025-01-08 23:00:00,0.86,94,4.47,overcast clouds,0.0,0.0
Berlin Gesundbrunnen,2025-01-09 00:00:00,0.69,95,3.77,overcast clouds,0.0,0.0
Berlin Gesundbrunnen,2025-01-09 01:00:00,0.69,96,4.18,overcast clouds,0.0,0.0
Berlin Gesundbrunnen,2025-01-09 02:00:00,0.75,96,3.67,overcast clouds,0.0,0.0
Berlin Gesundbrunnen,2025-01-09 03:00:00,0.51,96,3.64,overcast clouds,0.0,0.0
Berlin Gesundbrunnen,2025-01-09 04:00:00,0.43,98,2.49,overcast clouds,0.0,0.0
Berlin Gesundbrunnen,2025-01-09 05:00:00,0.21,98,3.02,overcast clouds,0.0,0.0
Berlin Gesundbrunnen,2025-01-09 06:00:00,0.43,98,2.39,overcast clouds,0.0,0.0
Berlin Gesundbrunnen,2025-01-09 07:00:00,0.19,98,2.11,overcast clouds,0.0,0.0
Berlin Gesundbrunnen,2025-01-09 08:00:00,-0.15,99,1.97,overcast clouds,0.0,0.0
Berlin Gesundbrunnen,2025-01-09 09:00:00,-0.43,99,1.81,overcast clouds,0.0,0.0
Berlin Gesundbrunnen,2025-01-09 10:00:00,-0.19,99,1.63,overcast clouds,0.0,0.0
Berlin Gesundbrunnen,2025-01-09 11:00:00,0.18,99,1.31,light snow,0.0,0.13
Berlin Gesundbrunnen,2025-01-09 12:00:00,0.23,99,1.26,light snow,0.0,0.24
Berlin Gesundbrunnen,2025-01-09 13:00:00,0.73,99,1.63,light snow,0.0,0.13
Berlin Gesundbrunnen,2025-01-09 14:00:00,0.88,99,1.44,light snow,0.0,0.25
Berlin Gesundbrunnen,2025-01-09 15:00:00,1.11,99,1.68,light snow,0.0,0.21
Berlin Gesundbrunnen,2025-01-09 16:00:00,1.11,99,2.23,light snow,0.0,0.19
Berlin Gesundbrunnen,2025-01-09 17:00:00,1.06,99,2.06,overcast clouds,0.0,0.0
Berlin Gesundbrunnen,2025-01-09 18:00:00,1.07,99,2.28,light snow,0.0,0.12
Berlin Gesundbrunnen,2025-01-09 19:00:00,1.1,99,2.95,light snow,0.0,0.12
Berlin Gesundbrunnen,2025-01-09 20:00:00,1.16,99,3.72,light snow,0.0,0.12
Berlin Gesundbrunnen,2025-01-09 21:00:00,1.6,99,3.95,overcast clouds,0.0,0.0
Berlin Gesundbrunnen,2025-01-09 22:00:00,1.42,99,3.69,overcast clouds,0.0,0.0
Berlin Gesundbrunnen,2025-01-09 23:00:00,1.31,99,3.64,overcast clouds,0.0,0.0
Berlin Gesundbrunnen,2025-01-10 00:00:00,0.55,99,3.62,overcast clouds,0.0,0.0
Berlin Gesundbrunnen,2025-01-10 01:00:00,0.36,99,3.49,overcast clouds,0.0,0.0
Berlin Gesundbrunnen,2025-01-10 02:00:00,0.46,99,3.63,few clouds,0.0,0.0
Berlin Gesundbrunnen,2025-01-10 03:00:00,1.38,99,4.12,scattered clouds,0.0,0.0
Berlin Gesundbrunnen,2025-01-10 04:00:00,1.28,99,3.54,few clouds,0.0,0.0
Berlin Gesundbrunnen,2025-01-10 05:00:00,1.32,99,5.24,few clouds,0.0,0.0
Berlin Gesundbrunnen,2025-01-10 06:00:00,1.06,99,5.07,light snow,0.0,0.13
Berlin Gesundbrunnen,2025-01-10 07:00:00,1.08,99,5.16,scattered clouds,0.0,0.0
Berlin Gesundbrunnen,2025-01-10 08:00:00,1.23,99,5.16,overcast clouds,0.0,0.1
Berlin Gesundbrunnen,2025-01-10 09:00:00,1.33,99,4.1,snow,0.0,1.22
Berlin Gesundbrunnen,2025-01-10 10:00:00,1.15,99,3.85,snow,0.0,1.73
Berlin Gesundbrunnen,2025-01-10 11:00:00,1.32,99,4.4,light snow,0.0,0.14
Berlin Gesundbrunnen,2025-01-10 12:00:00,1.54,99,5.04,snow,0.0,0.82
Berlin Gesundbrunnen,2025-01-10 13:00:00,2.1,99,4.98,overcast clouds,0.0,0.0
Berlin Gesundbrunnen,2025-01-10 14:00:00,2.01,93,5.16,broken clouds,0.0,0.0
Berlin Gesundbrunnen,2025-01-10 15:00:00,2.7,88,5.59,scattered clouds,0.0,0.0
Berlin Gesundbrunnen,2025-01-10 16:00:00,2.11,89,5.35,scattered clouds,0.0,0.0
Berlin Gesundbrunnen,2025-01-10 17:00:00,1.44,89,4.87,scattered clouds,0.0,0.0
Berlin Gesundbrunnen,2025-01-10 18:00:00,1.12,92,4.92,scattered clouds,0.0,0.0
Berlin Gesundbrunnen,2025-01-10 19:00:00,0.39,94,4.49,scattered clouds,0.0,0.0
Berlin Gesundbrunnen,2025-01-10 20:00:00,-0.03,94,4.6,scattered clouds,0.0,0.0
Berlin Gesundbrunnen,2025-01-10 21:00:00,0.35,92,4.83,scattered clouds,0.0,0.0
Berlin Gesundbrunnen,2025-01-10 22:00:00,0.67,91,5.06,few clouds,0.0,0.0
Berlin Gesundbrunnen,2025-01-10 23:00:00,0.38,83,5.21,scattered clouds,0.0,0.0
Berlin Gesundbrunnen,2025-01-11 00:00:00,0.6,89,5.3,scattered clouds,0.0,0.0
Berlin Gesundbrunnen,2025-01-11 01:00:00,0.56,90,5.66,broken clouds,0.0,0.0
Berlin Gesundbrunnen,2025-01-11 02:00:00,0.29,84,5.95,broken clouds,0.0,0.0
Berlin Gesundbrunnen,2025-01-11 03:00:00,-0.04,90,5.92,broken clouds,0.0,0.0
Berlin Gesundbrunnen,2025-01-11 04:00:00,-0.43,87,6.02,broken clouds,0.0,0.0
Berlin Gesundbrunnen,2025-01-11 05:00:00,-0.48,87,6.56,broken clouds,0.0,0.0
Berlin Gesundbrunnen,2025-01-11 06:00:00,-0.73,86,6.8,broken clouds,0.0,0.0
Berlin Gesundbrunnen,2025-01-11 07:00:00,-0.51,86,6.97,scattered clouds,0.0,0.0
Berlin Gesundbrunnen,2025-01-11 08:00:00,-0.5,85,7.18,scattered clouds,0.0,0.0
Berlin Gesundbrunnen,2025-01-11 09:00:00,-0.47,86,7.29,broken clouds,0.0,0.0
Berlin Gesundbrunnen,2025-01-11 10:00:00,-0.4,85,7.44,broken clouds,0.0,0.0
Berlin Gesundbrunnen,2025-01-11 11:00:00,0.26,85,7.96,broken clouds,0.0,0.0
Berlin Gesundbrunnen,2025-01-11 12:00:00,1.08,83,8.14,broken clouds,0.0,0.0
Berlin Gesundbrunnen,2025-01-11 13:00:00,1.77,80,8.29,broken clouds,0.0,0.0
Berlin Gesundbrunnen,2025-01-11 14:00:00,1.76,79,8.49,few clouds,0.0,0.0
Berlin Gesundbrunnen,2025-01-11 15:00:00,1.99,77,8.44,clear sky,0.0,0.0
Berlin Gesundbrunnen,2025-01-11 16:00:00,1.43,81,7.92,clear sky,0.0,0.0
Berlin Gesundbrunnen,2025-01-11 17:00:00,0.98,82,7.64,clear sky,0.0,0.0
Berlin Gesundbrunnen,2025-01-11 18:00:00,0.42,85,7.78,clear sky,0.0,0.0
Berlin Gesundbrunnen,2025-01-11 19:00:00,0.07,88,7.61,few clouds,0.0,0.0
Berlin Gesundbrunnen,2025-01-11 20:00:00,0.03,89,7.01,clear sky,0.0,0.0
Berlin Gesundbrunnen,2025-01-11 21:00:00,0.13,85,6.43,clear sky,0.0,0.0
Berlin Gesundbrunnen,2025-01-11 22:00:00,-0.19,86,6.15,clear sky,0.0,0.0
Berlin Gesundbrunnen,2025-01-11 23:00:00,-0.48,81,5.98,clear sky,0.0,0.0
Berlin Gesundbrunnen,2025-01-12 00:00:00,-0.27,83,5.66,clear sky,0.0,0.0
Berlin Gesundbrunnen,2025-01-12 01:00:00,0.27,89,5.67,clear sky,0.0,0.0
Berlin Gesundbrunnen,2025-01-12 02:00:00,-0.16,93,5.38,few clouds,0.0,0.0
Berlin Gesundbrunnen,2025-01-12 03:00:00,-0.73,94,5.32,few clouds,0.0,0.0
Berlin Gesundbrunnen,2025-01-12 04:00:00,-0.99,95,5.28,few clouds,0.0,0.0
Berlin Gesundbrunnen,2025-01-12 05:00:00,-1.51,95,5.11,few clouds,0.0,0.0
Berlin Gesundbrunnen,2025-01-12 06:00:00,-1.55,96,4.86,few clouds,0.0,0.0
Berlin Gesundbrunnen,2025-01-12 07:00:00,-1.33,96,4.62,few clouds,0.0,0.0
Berlin Gesundbrunnen,2025-01-12 08:00:00,-1.56,96,4.26,scattered clouds,0.0,0.0
Berlin Gesundbrunnen,2025-01-12 09:00:00,-1.56,96,4.07,few clouds,0.0,0.0
Berlin Gesundbrunnen,2025-01-12 10:00:00,-0.91,96,4.3,few clouds,0.0,0.0
Berlin Gesundbrunnen,2025-01-12 11:00:00,-0.29,95,4.93,few clouds,0.0,0.0
Berlin Gesundbrunnen,2025-01-12 12:00:00,1.03,93,4.91,few clouds,0.0,0.0
Berlin Gesundbrunnen,2025-01-12 13:00:00,2.02,91,5.29,few clouds,0.0,0.0
Berlin Gesundbrunnen,2025-01-12 14:00:00,2.18,91,4.58,clear sky,0.0,0.0
Berlin Gesundbrunnen,2025-01-12 15:00:00,2.05,86,3.94,clear sky,0.0,0.0
Berlin Gesundbrunnen,2025-01-12 16:00:00,1.13,89,3.27,clear sky,0.0,0.0
Berlin Gesundbrunnen,2025-01-12 17:00:00,-0.12,92,3.57,clear sky,0.0,0.0
Berlin Gesundbrunnen,2025-01-12 18:00:00,-0.78,93,3.02,few clouds,0.0,0.0
Berlin Gesundbrunnen,2025-01-12 19:00:00,-0.93,94,2.81,scattered clouds,0.0,0.0
Berlin Gesundbrunnen,2025-01-12 20:00:00,-1.7,95,3.0,few clouds,0.0,0.0
Berlin Gesundbrunnen,2025-01-12 21:00:00,-2.13,96,2.55,clear sky,0.0,0.0
Berlin Gesundbrunnen,2025-01-12 22:00:00,-2.39,97,2.54,clear sky,0.0,0.0
Berlin Gesundbrunnen,2025-01-12 23:00:00,-3.03,98,2.36,clear sky,0.0,0.0
Berlin Gesundbrunnen,2025-01-13 00:00:00,-3.22,99,1.79,clear sky,0.0,0.0
Berlin Gesundbrunnen,2025-01-13 01:00:00,-5.56,83,0.55,clear sky,0.0,0.0
Berlin Gesundbrunnen,2025-01-13 02:00:00,-4.8,83,1.31,clear sky,0.0,0.0
Berlin Gesundbrunnen,2025-01-13 03:00:00,-4.49,99,1.97,clear sky,0.0,0.0
Berlin Gesundbrunnen,2025-01-13 04:00:00,-4.13,99,2.52,clear sky,0.0,0.0
Berlin Gesundbrunnen,2025-01-13 05:00:00,-4.13,99,1.95,scattered clouds,0.0,0.0
Berlin Gesundbrunnen,2025-01-13 06:00:00,-5.07,99,2.44,scattered clouds,0.0,0.0
Berlin Gesundbrunnen,2025-01-13 07:00:00,-4.61,99,2.67,clear sky,0.0,0.0
Berlin Gesundbrunnen,2025-01-13 08:00:00,-4.43,99,2.98,clear sky,0.0,0.0
Berlin Gesundbrunnen,2025-01-13 09:00:00,-3.82,99,3.26,scattered clouds,0.0,0.0
Berlin Gesundbrunnen,2025-01-13 10:00:00,-3.57,98,3.81,scattered clouds,0.0,0.0
Berlin Gesundbrunnen,2025-01-13 11:00:00,-2.52,99,4.4,broken clouds,0.0,0.0
Berlin Gesundbrunnen,2025-01-13 12:00:00,-0.99,97,4.82,broken clouds,0.0,0.0
Berlin Gesundbrunnen,2025-01-13 13:00:00,0.08,93,5.02,broken clouds,0.0,0.0
Berlin Gesundbrunnen,2025-01-13 14:00:00,0.92,90,4.62,overcast clouds,0.0,0.0
Berlin Gesundbrunnen,2025-01-13 15:00:00,0.55,75,4.49,overcast clouds,0.0,0.0
Berlin Gesundbrunnen,2025-01-13 16:00:00,0.56,93,4.85,overcast clouds,0.0,0.0
Berlin Gesundbrunnen,2025-01-13 17:00:00,0.07,94,4.75,overcast clouds,0.0,0.0
Berlin Gesundbrunnen,2025-01-13 18:00:00,-0.27,96,5.08,overcast clouds,0.0,0.0
Berlin Gesundbrunnen,2025-01-13 19:00:00,-0.48,96,5.18,overcast clouds,0.0,0.0
Berlin Gesundbrunnen,2025-01-13 20:00:00,-0.8,96,5.64,overcast clouds,0.0,0.0
Berlin Gesundbrunnen,2025-01-13 21:00:00,-0.71,96,5.82,overcast clouds,0.0,0.0
Berlin Gesundbrunnen,2025-01-13 22:00:00,-1.0,96,5.9,overcast clouds,0.0,0.0
Berlin Gesundbrunnen,2025-01-13 23:00:00,-1.04,95,6.21,overcast clouds,0.0,0.0
Berlin Gesundbrunnen,2025-01-14 00:00:00,-1.34,95,6.82,overcast clouds,0.0,0.0
Berlin Gesundbrunnen,2025-01-14 01:00:00,-1.28,93,6.54,overcast clouds,0.0,0.0
Berlin Gesundbrunnen,2025-01-14 02:00:00,-1.52,92,6.68,overcast clouds,0.0,0.0
Berlin Gesundbrunnen,2025-01-14 03:00:00,-1.29,69,6.67,overcast clouds,0.0,0.0
Berlin Gesundbrunnen,2025-01-14 04:00:00,-0.38,87,6.93,overcast clouds,0.0,0.0
Berlin Gesundbrunnen,2025-01-14 05:00:00,-0.26,86,7.08,overcast clouds,0.0,0.0
Berlin Gesundbrunnen,2025-01-14 06:00:00,-0.21,87,6.96,snow,0.0,1.15
Berlin Gesundbrunnen,2025-01-14 07:00:00,-0.11,89,6.78,overcast clouds,0.0,0.0
Berlin Gesundbrunnen,2025-01-14 08:00:00,0.25,90,7.02,overcast clouds,0.0,0.0
Berlin Gesundbrunnen,2025-01-14 09:00:00,0.66,92,7.42,overcast clouds,0.0,0.0
Berlin Gesundbrunnen,2025-01-14 10:00:00,0.9,93,7.33,overcast clouds,0.0,0.0
Berlin Gesundbrunnen,2025-01-14 11:00:00,1.14,93,7.4,overcast clouds,0.0,0.0
Berlin Gesundbrunnen,2025-01-14 12:00:00,1.13,96,7.54,light snow,0.0,0.27
Berlin Gesundbrunnen,2025-01-14 13:00:00,1.4,99,7.74,light snow,0.0,0.17
Berlin Gesundbrunnen,2025-01-14 14:00:00,1.75,99,7.65,overcast clouds,0.0,0.0
Berlin Gesundbrunnen,2025-01-14 15:00:00,2.0,99,7.5,overcast clouds,0.0,0.0
Berlin Gesundbrunnen,2025-01-14 16:00:00,2.23,99,7.4,overcast clouds,0.1,0.0
Berlin Gesundbrunnen,2025-01-14 17:00:00,2.25,99,6.94,light rain,0.21,0.0
Berlin Gesundbrunnen,2025-01-14 18:00:00,2.91,99,6.18,overcast clouds,0.0,0.0
Berlin Gesundbrunnen,2025-01-14 19:00:00,3.34,99,5.9,overcast clouds,0.0,0.0
Berlin Gesundbrunnen,2025-01-14 20:00:00,3.59,99,5.35,overcast clouds,0.0,0.0
Berlin Gesundbrunnen,2025-01-14 21:00:00,4.21,99,5.71,overcast clouds,0.0,0.0
Berlin Gesundbrunnen,2025-01-14 22:00:00,4.36,99,5.91,broken clouds,0.0,0.0
Berlin Gesundbrunnen,2025-01-14 23:00:00,4.86,99,6.3,broken clouds,0.0,0.0
Berlin Gesundbrunnen,2025-01-15 00:00:00,5.42,99,5.67,broken clouds,0.0,0.0
Berlin Gesundbrunnen,2025-01-15 01:00:00,5.36,99,4.89,broken clouds,0.0,0.0
Berlin Gesundbrunnen,2025-01-15 02:00:00,5.51,99,4.16,overcast clouds,0.0,0.0
Berlin Gesundbrunnen,2025-01-15 03:00:00,5.3,97,3.81,overcast clouds,0.0,0.0
Berlin Gesundbrunnen,2025-01-15 04:00:00,5.3,98,3.55,overcast clouds,0.0,0.0
Berlin Gesundbrunnen,2025-01-15 05:00:00,5.3,99,3.87,overcast clouds,0.0,0.0
Berlin Gesundbrunnen,2025-01-15 06:00:00,5.26,99,3.58,overcast clouds,0.0,0.0
Berlin Gesundbrunnen,2025-01-15 07:00:00,5.37,99,3.26,overcast clouds,0.0,0.0
Berlin Gesundbrunnen,2025-01-15 08:00:00,5.14,95,3.42,broken clouds,0.0,0.0
Berlin Gesundbrunnen,2025-01-15 09:00:00,5.06,99,2.87,overcast clouds,0.0,0.0
Berlin Gesundbrunnen,2025-01-15 10:00:00,5.4,99,2.45,overcast clouds,0.0,0.0
Berlin Gesundbrunnen,2025-01-15 11:00:00,5.4,99,2.48,overcast clouds,0.0,0.0
Berlin Gesundbrunnen,2025-01-15 12:00:00,5.4,99,2.52,overcast clouds,0.0,0.0
Berlin Gesundbrunnen,2025-01-15 13:00:00,5.23,99,1.98,overcast clouds,0.0,0.0
Berlin Gesundbrunnen,2025-01-15 14:00:00,4.79,99,2.07,overcast clouds,0.0,0.0
Berlin Gesundbrunnen,2025-01-15 15:00:00,4.78,99,2.19,broken clouds,0.0,0.0
Berlin Gesundbrunnen,2025-01-15 16:00:00,4.41,99,2.44,broken clouds,0.0,0.0
Berlin Gesundbrunnen,2025-01-15 17:00:00,4.4,99,2.49,scattered clouds,0.0,0.0
Berlin Gesundbrunnen,2025-01-15 18:00:00,4.07,99,2.64,scattered clouds,0.0,0.0
Berlin Gesundbrunnen,2025-01-15 19:00:00,4.07,99,2.7,broken clouds,0.0,0.0
Berlin Gesundbrunnen,2025-01-15 20:00:00,4.08,99,2.54,broken clouds,0.0,0.0
Berlin Gesundbrunnen,2025-01-15 21:00:00,3.7,99,2.62,broken clouds,0.0,0.0
Berlin Gesundbrunnen,2025-01-15 22:00:00,3.49,99,2.42,broken clouds,0.0,0.0
Berlin Gesundbrunnen,2025-01-15 23:00:00,3.61,99,2.76,broken clouds,0.0,0.0
Berlin Gesundbrunnen,2025-01-16 00:00:00,3.54,99,2.78,broken clouds,0.0,0.0
Berlin Gesundbrunnen,2025-01-16 01:00:00,3.15,99,2.9,broken clouds,0.0,0.0
Berlin Gesundbrunnen,2025-01-16 02:00:00,3.06,99,2.93,scattered clouds,0.0,0.0
Berlin Gesundbrunnen,2025-01-16 03:00:00,3.11,99,3.26,scattered clouds,0.0,0.0
Berlin Gesundbrunnen,2025-01-16 04:00:00,3.56,99,3.5,broken clouds,0.0,0.0
Berlin Gesundbrunnen,2025-01-16 05:00:00,3.72,99,3.84,broken clouds,0.0,0.0
Berlin Gesundbrunnen,2025-01-16 06:00:00,3.72,99,3.9,broken clouds,0.0,0.0
Berlin Gesundbrunnen,2025-01-16 07:00:00,3.67,99,3.87,broken clouds,0.0,0.0
Berlin Gesundbrunnen,2025-01-16 08:00:00,3.62,99,3.85,broken clouds,0.0,0.0
Berlin Gesundbrunnen,2025-01-16 09:00:00,3.63,99,4.13,broken clouds,0.0,0.0
Berlin Gesundbrunnen,2025-01-16 10:00:00,3.71,99,4.36,broken clouds,0.0,0.0
Berlin Gesundbrunnen,2025-01-16 11:00:00,3.71,99,4.5,broken clouds,0.0,0.0
Berlin Gesundbrunnen,2025-01-16 12:00:00,3.77,99,5.05,broken clouds,0.0,0.0
Berlin Gesundbrunnen,2025-01-16 13:00:00,4.02,99,5.28,broken clouds,0.0,0.0
Berlin Gesundbrunnen,2025-01-16 14:00:00,4.0,99,4.8,scattered clouds,0.0,0.0
Berlin Gesundbrunnen,2025-01-16 15:00:00,3.77,99,4.49,scattered clouds,0.0,0.0
Berlin Gesundbrunnen,2025-01-16 16:00:00,3.71,99,4.21,scattered clouds,0.0,0.0
Berlin Gesundbrunnen,2025-01-16 17:00:00,3.44,99,4.14,scattered clouds,0.0,0.0
Berlin Gesundbrunnen,2025-01-16 18:00:00,3.36,99,4.78,broken clouds,0.0,0.0
Berlin Gesundbrunnen,2025-01-16 19:00:00,3.33,99,3.98,overcast clouds,0.0,0.0
Berlin Gesundbrunnen,2025-01-16 20:00:00,3.3,99,4.08,overcast clouds,0.0,0.0
Berlin Gesundbrunnen,2025-01-16 21:00:00,2.99,99,3.98,overcast clouds,0.0,0.0
Berlin Gesundbrunnen,2025-01-16 22:00:00,2.87,99,3.99,overcast clouds,0.0,0.0
Berlin Gesundbrunnen,2025-01-16 23:00:00,2.31,99,3.67,overcast clouds,0.0,0.0
Berlin Gesundbrunnen,2025-01-17 00:00:00,2.16,99,3.42,overcast clouds,0.0,0.0
Berlin Gesundbrunnen,2025-01-17 01:00:00,1.89,99,3.81,overcast clouds,0.0,0.0
Berlin Gesundbrunnen,2025-01-17 02:00:00,1.78,99,3.38,overcast clouds,0.0,0.0
Berlin Gesundbrunnen,2025-01-17 03:00:00,1.35,99,2.98,broken clouds,0.0,0.0
Berlin Gesundbrunnen,2025-01-17 04:00:00,1.18,99,3.18,broken clouds,0.0,0.0
Berlin Gesundbrunnen,2025-01-17 05:00:00,0.79,99,3.31,broken clouds,0.0,0.0
Berlin Gesundbrunnen,2025-01-17 06:00:00,0.51,99,3.39,broken clouds,0.0,0.0
Berlin Gesundbrunnen,2025-01-17 07:00:00,0.23,99,3.14,broken clouds,0.0,0.0
Berlin Gesundbrunnen,2025-01-17 08:00:00,-0.04,99,3.26,broken clouds,0.0,0.0
Berlin Gesundbrunnen,2025-01-17 09:00:00,-0.37,99,3.35,broken clouds,0.0,0.0
Berlin Gesundbrunnen,2025-01-17 10:00:00,-0.41,99,3.55,broken clouds,0.0,0.0
Berlin Gesundbrunnen,2025-01-17 11:00:00,0.08,82,3.96,broken clouds,0.0,0.0
Berlin Gesundbrunnen,2025-01-17 12:00:00,-0.29,77,4.13,scattered clouds,0.0,0.0
Berlin Gesundbrunnen,2025-01-17 13:00:00,-0.29,77,4.18,scattered clouds,0.0,0.0
Berlin Gesundbrunnen,2025-01-17 14:00:00,0.71,77,4.09,clear sky,0.0,0.0
Berlin Gesundbrunnen,2025-01-17 15:00:00,-0.29,81,3.79,clear sky,0.0,0.0
Berlin Gesundbrunnen,2025-01-17 16:00:00,-0.23,86,3.41,few clouds,0.0,0.0
Berlin Gesundbrunnen,2025-01-17 17:00:00,-0.53,99,3.26,few clouds,0.0,0.0
Berlin Gesundbrunnen,2025-01-17 18:00:00,-0.87,99,3.33,few clouds,0.0,0.0
Berlin Gesundbrunnen,2025-01-17 19:00:00,-1.18,99,3.25,clear sky,0.0,0.0
Berlin Gesundbrunnen,2025-01-17 20:00:00,-1.17,99,3.24,clear sky,0.0,0.0
Berlin Gesundbrunnen,2025-01-17 21:00:00,-1.23,99,3.38,few clouds,0.0,0.0
Berlin Gesundbrunnen,2025-01-17 22:00:00,-1.2,99,3.19,few clouds,0.0,0.0
Berlin Gesundbrunnen,2025-01-17 23:00:00,-1.23,99,3.41,few clouds,0.0,0.0
Berlin Gesundbrunnen,2025-01-18 00:00:00,-1.26,99,3.5,few clouds,0.0,0.0
Berlin Gesundbrunnen,2025-01-18 01:00:00,-1.3,99,3.96,broken clouds,0.0,0.0
Berlin Gesundbrunnen,2025-01-18 02:00:00,-1.33,99,2.95,overcast clouds,0.0,0.0
Berlin Gesundbrunnen,2025-01-18 03:00:00,-1.49,99,2.28,overcast clouds,0.0,0.0
Berlin Gesundbrunnen,2025-01-18 04:00:00,-1.53,99,2.46,overcast clouds,0.0,0.0
Berlin Gesundbrunnen,2025-01-18 05:00:00,-1.56,99,2.38,broken clouds,0.0,0.0
Berlin Gesundbrunnen,2025-01-18 06:00:00,-1.67,99,2.31,broken clouds,0.0,0.0
Berlin Gesundbrunnen,2025-01-18 07:00:00,-1.5,99,2.45,overcast clouds,0.0,0.0
Berlin Gesundbrunnen,2025-01-18 08:00:00,-1.5,99,2.13,clear sky,0.0,0.0
Berlin Gesundbrunnen,2025-01-18 09:00:00,-1.65,99,1.71,clear sky,0.0,0.0
Berlin Gesundbrunnen,2025-01-18 10:00:00,-1.45,99,1.88,clear sky,0.0,0.0
Berlin Gesundbrunnen,2025-01-18 11:00:00,0.22,81,1.36,clear sky,0.0,0.0
Berlin Gesundbrunnen,2025-01-18 12:00:00,-2.29,75,1.09,clear sky,0.0,0.0
Berlin Gesundbrunnen,2025-01-18 13:00:00,-2.29,76,1.27,few clouds,0.0,0.0
Berlin Gesundbrunnen,2025-01-18 14:00:00,-2.29,74,0.91,clear sky,0.0,0.0
Berlin Gesundbrunnen,2025-01-18 15:00:00,-2.29,78,0.76,clear sky,0.0,0.0
Berlin Gesundbrunnen,2025-01-18 16:00:00,-2.22,82,0.99,clear sky,0.0,0.0
Berlin Gesundbrunnen,2025-01-18 17:00:00,-1.68,83,1.38,clear sky,0.0,0.0
Berlin Gesundbrunnen,2025-01-18 18:00:00,-1.88,99,1.21,clear sky,0.0,0.0
Berlin Gesundbrunnen,2025-01-18 19:00:00,-2.2,80,1.41,clear sky,0.0,0.0
Berlin Gesundbrunnen,2025-01-18 20:00:00,-2.61,99,1.85,clear sky,0.0,0.0
Berlin Gesundbrunnen,2025-01-18 21:00:00,-2.9,99,1.9,clear sky,0.0,0.0
Berlin Gesundbrunnen,2025-01-18 22:00:00,-3.07,99,2.28,clear sky,0.0,0.0
Berlin Gesundbrunnen,2025-01-18 23:00:00,-3.29,78,2.06,clear sky,0.0,0.0
Berlin Gesundbrunnen,2025-01-19 00:00:00,-3.29,77,2.48,clear sky,0.0,0.0
Berlin Gesundbrunnen,2025-01-19 01:00:00,-4.29,76,2.68,clear sky,0.0,0.0
Berlin Gesundbrunnen,2025-01-19 02:00:00,-4.29,75,2.58,clear sky,0.0,0.0
Berlin Gesundbrunnen,2025-01-19 03:00:00,-4.29,73,2.73,clear sky,0.0,0.0
Berlin Gesundbrunnen,2025-01-19 04:00:00,-4.29,71,2.73,clear sky,0.0,0.0
Berlin Gesundbrunnen,2025-01-19 05:00:00,-4.29,69,2.45,clear sky,0.0,0.0
Berlin Gesundbrunnen,2025-01-19 06:00:00,-5.29,68,2.68,clear sky,0.0,0.0
Berlin Gesundbrunnen,2025-01-19 07:00:00,-6.29,68,2.66,clear sky,0.0,0.0
Berlin Gesundbrunnen,2025-01-19 08:00:00,-5.29,68,2.9,clear sky,0.0,0.0
Berlin Gesundbrunnen,2025-01-19 09:00:00,-5.29,68,2.8,clear sky,0.0,0.0
Berlin Gesundbrunnen,2025-01-19 10:00:00,-4.29,67,2.71,clear sky,0.0,0.0
Berlin Gesundbrunnen,2025-01-19 11:00:00,-2.29,65,2.59,clear sky,0.0,0.0
Berlin Gesundbrunnen,2025-01-19 12:00:00,0.32,63,2.94,clear sky,0.0,0.0
Berlin Gesundbrunnen,2025-01-19 13:00:00,0.71,62,3.19,clear sky,0.0,0.0
Berlin Gesundbrunnen,2025-01-19 14:00:00,3.1,67,2.94,clear sky,0.0,0.0
Berlin Gesundbrunnen,2025-01-19 15:00:00,2.93,71,2.97,clear sky,0.0,0.0
Berlin Gesundbrunnen,2025-01-19 16:00:00,2.59,76,3.24,clear sky,0.0,0.0
Berlin Gesundbrunnen,2025-01-19 17:00:00,0.79,79,3.32,clear sky,0.0,0.0
Berlin Gesundbrunnen,2025-01-19 18:00:00,0.12,81,3.36,clear sky,0.0,0.0
Berlin Gesundbrunnen,2025-01-19 19:00:00,0.23,81,3.3,clear sky,0.0,0.0
Berlin Gesundbrunnen,2025-01-19 20:00:00,0.08,81,3.28,clear sky,0.0,0.0
Berlin Gesundbrunnen,2025-01-19 21:00:00,-0.45,81,3.21,clear sky,0.0,0.0
Berlin Gesundbrunnen,2025-01-19 22:00:00,-0.66,82,3.16,clear sky,0.0,0.0
Berlin Gesundbrunnen,2025-01-19 23:00:00,-0.51,83,3.13,clear sky,0.0,0.0
Berlin Gesundbrunnen,2025-01-20 00:00:00,-0.26,84,3.25,clear sky,0.0,0.0
Berlin Gesundbrunnen,2025-01-20 01:00:00,-0.47,87,3.13,clear sky,0.0,0.0
Berlin Gesundbrunnen,2025-01-20 02:00:00,-1.31,88,3.21,clear sky,0.0,0.0
Berlin Gesundbrunnen,2025-01-20 03:00:00,-1.83,88,3.01,clear sky,0.0,0.0
Berlin Gesundbrunnen,2025-01-20 04:00:00,-2.89,88,2.89,clear sky,0.0,0.0
Berlin Gesundbrunnen,2025-01-20 05:00:00,-1.78,88,2.97,clear sky,0.0,0.0
Berlin Gesundbrunnen,2025-01-20 06:00:00,-4.29,88,2.68,clear sky,0.0,0.0
Berlin Gesundbrunnen,2025-01-20 07:00:00,-1.98,90,2.59,clear sky,0.0,0.0
Berlin Gesundbrunnen,2025-01-20 08:00:00,-1.61,90,2.5,clear sky,0.0,0.0
Berlin Gesundbrunnen,2025-01-20 09:00:00,-1.89,91,2.3,clear sky,0.0,0.0
Berlin Gesundbrunnen,2025-01-20 10:00:00,-1.44,87,2.48,clear sky,0.0,0.0
Berlin Gesundbrunnen,2025-01-20 11:00:00,-1.29,79,2.97,clear sky,0.0,0.0
Berlin Gesundbrunnen,2025-01-20 12:00:00,-2.29,73,3.34,few clouds,0.0,0.0
Berlin Gesundbrunnen,2025-01-20 13:00:00,-1.29,69,3.93,clear sky,0.0,0.0
Berlin Gesundbrunnen,2025-01-20 14:00:00,-1.29,71,4.14,overcast clouds,0.0,0.0
Berlin Gesundbrunnen,2025-01-20 15:00:00,-2.29,77,3.68,overcast clouds,0.0,0.0
Berlin Gesundbrunnen,2025-01-20 16:00:00,-2.02,85,3.14,overcast clouds,0.0,0.0
Berlin Gesundbrunnen,2025-01-20 17:00:00,-2.07,91,3.2,overcast clouds,0.0,0.0
Berlin Gesundbrunnen,2025-01-20 18:00:00,-2.14,91,3.42,overcast clouds,0.0,0.0
Berlin Gesundbrunnen,2025-01-20 19:00:00,-2.06,92,4.0,overcast clouds,0.0,0.0
Berlin Gesundbrunnen,2025-01-20 20:00:00,-2.12,91,4.34,overcast clouds,0.0,0.0
Berlin Gesundbrunnen,2025-01-20 21:00:00,-2.13,89,3.79,overcast clouds,0.0,0.0
Berlin Gesundbrunnen,2025-01-20 22:00:00,-2.13,90,3.54,overcast clouds,0.0,0.0
Berlin Gesundbrunnen,2025-01-20 23:00:00,-2.02,90,3.7,overcast clouds,0.0,0.0
Berlin Gesundbrunnen,2025-01-21 00:00:00,-2.01,89,3.79,overcast clouds,0.0,0.0
Berlin Gesundbrunnen,2025-01-21 01:00:00,-1.91,91,3.93,overcast clouds,0.0,0.0
Berlin Gesundbrunnen,2025-01-21 02:00:00,-1.42,90,3.92,overcast clouds,0.0,0.0
Berlin Gesundbrunnen,2025-01-21 03:00:00,-1.36,90,3.88,overcast clouds,0.0,0.0
Berlin Gesundbrunnen,2025-01-21 04:00:00,-1.31,90,3.79,overcast clouds,0.0,0.0
Berlin Gesundbrunnen,2025-01-21 05:00:00,-1.31,89,3.69,overcast clouds,0.0,0.0
Berlin Gesundbrunnen,2025-01-21 06:00:00,-1.23,89,3.77,overcast clouds,0.0,0.0
Berlin Gesundbrunnen,2025-01-21 07:00:00,-1.23,89,3.88,overcast clouds,0.0,0.0
Berlin Gesundbrunnen,2025-01-21 08:00:00,-1.05,95,3.97,broken clouds,0.0,0.0
Berlin Gesundbrunnen,2025-01-21 09:00:00,-1.05,94,3.46,broken clouds,0.0,0.0
Berlin Gesundbrunnen,2025-01-21 10:00:00,-0.65,88,3.65,broken clouds,0.0,0.0
Berlin Gesundbrunnen,2025-01-21 11:00:00,-0.48,82,4.1,broken clouds,0.0,0.0
Berlin Gesundbrunnen,2025-01-21 12:00:00,0.13,78,4.4,broken clouds,0.0,0.0
Berlin Gesundbrunnen,2025-01-21 13:00:00,0.58,78,4.05,broken clouds,0.0,0.0
Berlin Gesundbrunnen,2025-01-21 14:00:00,0.71,77,3.99,overcast clouds,0.0,0.1
Berlin Gesundbrunnen,2025-01-21 15:00:00,0.2,79,3.76,overcast clouds,0.0,0.0
Berlin Gesundbrunnen,2025-01-21 16:00:00,-0.21,84,3.27,overcast clouds,0.0,0.0
Berlin Gesundbrunnen,2025-01-21 17:00:00,-0.41,87,3.25,overcast clouds,0.0,0.0
Berlin Gesundbrunnen,2025-01-21 18:00:00,-0.59,90,3.39,broken clouds,0.0,0.0
Berlin Gesundbrunnen,2025-01-21 19:00:00,-0.95,93,3.17,broken clouds,0.0,0.0
Berlin Gesundbrunnen,2025-01-21 20:00:00,-1.17,87,2.93,broken clouds,0.0,0.0
Berlin Gesundbrunnen,2025-01-21 21:00:00,-1.17,85,2.82,overcast clouds,0.0,0.0
Berlin Gesundbrunnen,2025-01-21 22:00:00,-1.17,88,2.97,overcast clouds,0.0,0.0
Berlin Gesundbrunnen,2025-01-21 23:00:00,-1.17,88,3.05,overcast clouds,0.0,0.0
Berlin Gesundbrunnen,2025-01-22 00:00:00,-1.17,89,2.85,overcast clouds,0.0,0.0
Berlin Gesundbrunnen,2025-01-22 01:00:00,-1.23,92,2.75,overcast clouds,0.0,0.0
Berlin Gesundbrunnen,2025-01-22 02:00:00,-1.24,90,2.67,overcast clouds,0.0,0.0
Berlin Gesundbrunnen,2025-01-22 03:00:00,-1.36,89,2.49,overcast clouds,0.0,0.0
Berlin Gesundbrunnen,2025-01-22 04:00:00,-1.32,86,2.64,overcast clouds,0.0,0.0
Berlin Gesundbrunnen,2025-01-22 05:00:00,-1.78,82,2.76,overcast clouds,0.0,0.0
Berlin Gesundbrunnen,2025-01-22 06:00:00,-2.21,80,2.88,overcast clouds,0.0,0.0
Berlin Gesundbrunnen,2025-01-22 07:00:00,-2.23,82,3.1,overcast clouds,0.0,0.0
Berlin Gesundbrunnen,2025-01-22 08:00:00,-2.23,85,3.1,overcast clouds,0.0,0.0
Berlin Gesundbrunnen,2025-01-22 09:00:00,-2.18,86,3.43,overcast clouds,0.0,0.0
Berlin Gesundbrunnen,2025-01-22 10:00:00,-0.9,81,3.74,overcast clouds,0.0,0.0
Berlin Gesundbrunnen,2025-01-22 11:00:00,-0.34,77,4.09,overcast clouds,0.0,0.0
Berlin Gesundbrunnen,2025-01-22 12:00:00,-0.87,73,4.15,overcast clouds,0.0,0.0
Berlin Gesundbrunnen,2025-01-22 13:00:00,0.0,72,4.43,overcast clouds,0.0,0.0
Berlin Gesundbrunnen,2025-01-22 14:00:00,0.72,72,4.58,overcast clouds,0.0,0.0
Berlin Gesundbrunnen,2025-01-22 15:00:00,1.36,73,4.53,overcast clouds,0.0,0.0
Berlin Gesundbrunnen,2025-01-22 16:00:00,0.96,74,4.68,overcast clouds,0.0,0.0
Berlin Gesundbrunnen,2025-01-22 17:00:00,0.52,77,4.59,overcast clouds,0.0,0.0
Berlin Gesundbrunnen,2025-01-22 18:00:00,0.87,76,4.82,overcast clouds,0.0,0.0
Berlin Gesundbrunnen,2025-01-22 19:00:00,1.37,77,5.14,overcast clouds,0.0,0.0
Berlin Gesundbrunnen,2025-01-22 20:00:00,1.29,77,5.2,overcast clouds,0.0,0.0
Berlin Gesundbrunnen,2025-01-22 21:00:00,1.74,79,4.96,light snow,0.0,0.18
Berlin Gesundbrunnen,2025-01-22 22:00:00,1.69,78,4.9,snow,0.0,3.55
Berlin Gesundbrunnen,2025-01-22 23:00:00,1.66,79,4.29,light snow,0.0,0.13
Berlin Gesundbrunnen,2025-01-23 00:00:00,1.63,80,4.36,overcast clouds,0.0,0.0
Berlin Gesundbrunnen,2025-01-23 01:00:00,2.32,82,4.68,overcast clouds,0.0,0.0
Berlin Gesundbrunnen,2025-01-23 02:00:00,2.56,89,3.95,overcast clouds,0.0,0.0
Berlin Gesundbrunnen,2025-01-23 03:00:00,2.73,89,4.16,light rain,0.3,0.0
Berlin Gesundbrunnen,2025-01-23 04:00:00,2.35,89,4.2,light rain,0.55,0.0
Berlin Gesundbrunnen,2025-01-23 05:00:00,2.21,94,4.44,heavy intensity rain,5.62,0.0
Berlin Gesundbrunnen,2025-01-23 06:00:00,2.27,98,3.98,moderate rain,3.65,0.0
Berlin Gesundbrunnen,2025-01-23 07:00:00,1.92,98,4.75,heavy intensity rain,4.62,0.0
Berlin Gesundbrunnen,2025-01-23 08:00:00,2.14,98,5.17,moderate rain,1.54,0.0
Berlin Gesundbrunnen,2025-01-23 09:00:00,2.15,97,5.7,light rain,0.18,0.0
Berlin Gesundbrunnen,2025-01-23 10:00:00,2.28,98,6.16,overcast clouds,0.0,0.0
Berlin Gesundbrunnen,2025-01-23 11:00:00,2.69,95,7.04,overcast clouds,0.0,0.0
Berlin Gesundbrunnen,2025-01-23 12:00:00,3.75,86,7.7,overcast clouds,0.0,0.0
Berlin Gesundbrunnen,2025-01-23 13:00:00,4.58,83,8.4,overcast clouds,0.0,0.0
Berlin Gesundbrunnen,2025-01-23 14:00:00,5.19,82,8.36,overcast clouds,0.0,0.0
Berlin Gesundbrunnen,2025-01-23 15:00:00,5.19,84,8.53,moderate rain,1.94,0.0
Berlin Gesundbrunnen,2025-01-23 16:00:00,4.46,83,8.96,overcast clouds,0.0,0.0
Berlin Gesundbrunnen,2025-01-23 17:00:00,4.49,83,8.59,overcast clouds,0.0,0.0
Berlin Gesundbrunnen,2025-01-23 18:00:00,4.0,82,9.04,overcast clouds,0.0,0.0
Berlin Gesundbrunnen,2025-01-23 19:00:00,3.64,80,7.67,overcast clouds,0.0,0.0
Berlin Gesundbrunnen,2025-01-23 20:00:00,3.36,79,7.08,overcast clouds,0.0,0.0
Berlin Gesundbrunnen,2025-01-23 21:00:00,3.05,81,6.51,overcast clouds,0.0,0.0
Berlin Gesundbrunnen,2025-01-23 22:00:00,3.4,82,6.46,overcast clouds,0.0,0.0
Berlin Gesundbrunnen,2025-01-23 23:00:00,2.91,83,6.48,moderate rain,2.71,0.0
Berlin Gesundbrunnen,2025-01-24 00:00:00,2.93,82,6.54,light rain,0.4,0.0
Berlin Gesundbrunnen,2025-01-24 01:00:00,2.67,83,6.42,overcast clouds,0.0,0.0
Berlin Gesundbrunnen,2025-01-24 02:00:00,3.21,84,7.02,overcast clouds,0.0,0.0
Berlin Gesundbrunnen,2025-01-24 03:00:00,3.22,91,6.95,overcast clouds,0.0,0.0
Berlin Gesundbrunnen,2025-01-24 04:00:00,3.25,97,6.63,overcast clouds,0.0,0.0
Berlin Gesundbrunnen,2025-01-24 05:00:00,3.23,97,6.47,overcast clouds,0.0,0.0
Berlin Gesundbrunnen,2025-01-24 06:00:00,3.31,95,6.13,overcast clouds,0.0,0.0
Berlin Gesundbrunnen,2025-01-24 07:00:00,4.06,92,6.36,overcast clouds,0.0,0.0
Berlin Gesundbrunnen,2025-01-24 08:00:00,4.61,85,7.09,overcast clouds,0.0,0.0
Berlin Gesundbrunnen,2025-01-24 09:00:00,3.99,79,6.52,overcast clouds,0.0,0.0
Berlin Gesundbrunnen,2025-01-24 10:00:00,4.57,85,7.19,overcast clouds,0.0,0.0
Berlin Gesundbrunnen,2025-01-24 11:00:00,4.82,87,7.67,overcast clouds,0.0,0.0
Berlin Gesundbrunnen,2025-01-24 12:00:00,5.6,83,7.97,overcast clouds,0.0,0.0
Berlin Gesundbrunnen,2025-01-24 13:00:00,5.67,86,8.68,light rain,0.37,0.0
Berlin Gesundbrunnen,2025-01-24 14:00:00,5.49,87,8.92,light rain,0.87,0.0
Berlin Gesundbrunnen,2025-01-24 15:00:00,5.48,86,9.46,light rain,0.24,0.0
Berlin Gesundbrunnen,2025-01-24 16:00:00,6.11,84,9.46,overcast clouds,0.0,0.0
Berlin Gesundbrunnen,2025-01-24 17:00:00,6.14,84,9.34,heavy intensity rain,7.49,0.0
Berlin Gesundbrunnen,2025-01-24 18:00:00,6.19,91,8.86,light rain,0.11,0.0
Berlin Gesundbrunnen,2025-01-24 19:00:00,6.55,90,8.88,light rain,0.13,0.0
Berlin Gesundbrunnen,2025-01-24 20:00:00,6.87,90,8.47,overcast clouds,0.0,0.0
Berlin Gesundbrunnen,2025-01-24 21:00:00,7.38,88,8.15,light rain,0.15,0.0
Berlin Gesundbrunnen,2025-01-24 22:00:00,6.81,87,7.96,overcast clouds,0.0,0.0
Berlin Gesundbrunnen,2025-01-24 23:00:00,6.56,88,7.41,overcast clouds,0.0,0.0
Berlin Gesundbrunnen,2025-01-25 00:00:00,6.44,89,6.35,overcast clouds,0.0,0.0
Berlin Gesundbrunnen,2025-01-25 01:00:00,6.43,93,5.08,overcast clouds,0.0,0.0
Berlin Gesundbrunnen,2025-01-25 02:00:00,6.26,94,4.5,overcast clouds,0.0,0.0
Berlin Gesundbrunnen,2025-01-25 03:00:00,5.49,95,3.52,overcast clouds,0.0,0.0
Berlin Gesundbrunnen,2025-01-25 04:00:00,5.68,96,3.87,overcast clouds,0.0,0.0
Berlin Gesundbrunnen,2025-01-25 05:00:00,5.73,96,3.37,light rain,0.18,0.0
Berlin Gesundbrunnen,2025-01-25 06:00:00,5.96,97,3.68,light rain,0.37,0.0
Berlin Gesundbrunnen,2025-01-25 07:00:00,5.96,96,3.45,moderate rain,1.33,0.0
Berlin Gesundbrunnen,2025-01-25 08:00:00,5.74,96,1.59,moderate rain,3.55,0.0
Berlin Gesundbrunnen,2025-01-25 09:00:00,5.52,96,2.65,moderate rain,2.66,0.0
Berlin Gesundbrunnen,2025-01-25 10:00:00,5.43,98,3.34,light rain,0.21,0.0
Berlin Gesundbrunnen,2025-01-25 11:00:00,5.6,98,3.88,moderate rain,1.06,0.0
Berlin Gesundbrunnen,2025-01-25 12:00:00,5.48,94,5.19,overcast clouds,0.0,0.0
Berlin Gesundbrunnen,2025-01-25 13:00:00,5.8,94,3.34,light rain,0.56,0.0
Berlin Gesundbrunnen,2025-01-25 14:00:00,6.36,93,3.49,overcast clouds,0.0,0.0
Berlin Gesundbrunnen,2025-01-25 15:00:00,5.82,88,3.84,overcast clouds,0.0,0.0
Berlin Gesundbrunnen,2025-01-25 16:00:00,5.5,88,3.04,overcast clouds,0.0,0.0
Berlin Gesundbrunnen,2025-01-25 17:00:00,4.7,93,3.4,broken clouds,0.0,0.0
Berlin Gesundbrunnen,2025-01-25 18:00:00,4.62,93,3.58,overcast clouds,0.0,0.0
Berlin Gesundbrunnen,2025-01-25 19:00:00,4.82,89,4.17,overcast clouds,0.0,0.0
Berlin Gesundbrunnen,2025-01-25 20:00:00,4.42,90,3.86,overcast clouds,0.0,0.0
Berlin Gesundbrunnen,2025-01-25 21:00:00,4.43,93,2.76,overcast clouds,0.0,0.0
Berlin Gesundbrunnen,2025-01-25 22:00:00,3.8,94,1.99,overcast clouds,0.0,0.0
Berlin Gesundbrunnen,2025-01-25 23:00:00,3.26,94,1.79,overcast clouds,0.0,0.0
Berlin Gesundbrunnen,2025-01-26 00:00:00,2.43,93,2.01,overcast clouds,0.0,0.0
Berlin Gesundbrunnen,2025-01-26 01:00:00,1.98,93,2.04,overcast clouds,0.0,0.0
Berlin Gesundbrunnen,2025-01-26 02:00:00,1.85,92,1.87,overcast clouds,0.0,0.1
Berlin Gesundbrunnen,2025-01-26 03:00:00,2.17,91,2.19,light rain,0.12,0.0
Berlin Gesundbrunnen,2025-01-26 04:00:00,1.72,91,1.4,light snow,0.0,0.27
Berlin Gesundbrunnen,2025-01-26 05:00:00,1.83,93,2.83,light snow,0.0,0.42
Berlin Gesundbrunnen,2025-01-26 06:00:00,1.83,93,2.6,light snow,0.0,0.32
Berlin Gesundbrunnen,2025-01-26 07:00:00,2.4,94,0.44,light rain,0.21,0.0
Berlin Gesundbrunnen,2025-01-26 08:00:00,2.32,95,1.62,light rain,0.63,0.0
Berlin Gesundbrunnen,2025-01-26 09:00:00,1.86,95,2.3,moderate rain,3.26,0.0
Berlin Gesundbrunnen,2025-01-26 10:00:00,1.81,93,2.36,light snow,0.0,0.3
Berlin Gesundbrunnen,2025-01-26 11:00:00,2.02,90,2.85,light rain,0.41,0.0
Berlin Gesundbrunnen,2025-01-26 12:00:00,2.69,88,2.53,overcast clouds,0.0,0.0
Berlin Gesundbrunnen,2025-01-26 13:00:00,2.6,95,2.54,overcast clouds,0.0,0.0
Berlin Gesundbrunnen,2025-01-26 14:00:00,2.92,97,2.75,light rain,0.17,0.0
Berlin Gesundbrunnen,2025-01-26 15:00:00,2.73,97,2.13,overcast clouds,0.0,0.0
Berlin Gesundbrunnen,2025-01-26 16:00:00,2.67,98,1.21,light rain,0.71,0.0
Berlin Gesundbrunnen,2025-01-26 17:00:00,2.41,93,0.95,overcast clouds,0.0,0.0
Berlin Gesundbrunnen,2025-01-26 18:00:00,2.34,94,1.59,overcast clouds,0.0,0.0
Berlin Gesundbrunnen,2025-01-26 19:00:00,2.41,93,2.62,overcast clouds,0.0,0.0
Berlin Gesundbrunnen,2025-01-26 20:00:00,2.35,92,3.31,overcast clouds,0.0,0.0
Berlin Gesundbrunnen,2025-01-26 21:00:00,2.35,93,3.53,light rain,0.14,0.0
Berlin Gesundbrunnen,2025-01-26 22:00:00,2.27,93,4.37,overcast clouds,0.0,0.0
Berlin Gesundbrunnen,2025-01-26 23:00:00,1.79,95,4.95,overcast clouds,0.0,0.0
Berlin Gesundbrunnen,2025-01-27 00:00:00,1.65,94,5.12,overcast clouds,0.0,0.0
Berlin Gesundbrunnen,2025-01-27 01:00:00,1.73,92,5.35,light snow,0.0,0.14
Berlin Gesundbrunnen,2025-01-27 02:00:00,1.66,92,6.12,snow,0.0,0.65
Berlin Gesundbrunnen,2025-01-27 03:00:00,2.2,93,7.31,moderate rain,3.16,0.0
Berlin Gesundbrunnen,2025-01-27 04:00:00,2.49,93,6.69,overcast clouds,0.0,0.0
Berlin Gesundbrunnen,2025-01-27 05:00:00,3.29,88,6.8,overcast clouds,0.0,0.0
Berlin Gesundbrunnen,2025-01-27 06:00:00,3.39,86,6.96,overcast clouds,0.0,0.0
Berlin Gesundbrunnen,2025-01-27 07:00:00,3.33,85,7.26,moderate rain,1.27,0.0
Berlin Gesundbrunnen,2025-01-27 08:00:00,3.52,91,7.94,heavy intensity rain,6.31,0.0
Berlin Gesundbrunnen,2025-01-27 09:00:00,4.63,95,8.47,heavy intensity rain,5.62,0.0
Berlin Gesundbrunnen,2025-01-27 10:00:00,5.57,92,10.07,light rain,0.19,0.0
Berlin Gesundbrunnen,2025-01-27 11:00:00,6.73,81,10.18,overcast clouds,0.0,0.0
Berlin Gesundbrunnen,2025-01-27 12:00:00,8.54,79,8.62,overcast clouds,0.0,0.0
Berlin Gesundbrunnen,2025-01-27 13:00:00,9.18,76,7.83,overcast clouds,0.0,0.0
Berlin Gesundbrunnen,2025-01-27 14:00:00,10.51,77,7.3,overcast clouds,0.0,0.0
Berlin Gesundbrunnen,2025-01-27 15:00:00,10.33,80,5.54,overcast clouds,0.0,0.0
Berlin Gesundbrunnen,2025-01-27 16:00:00,9.52,83,5.32,overcast clouds,0.0,0.0
Berlin Gesundbrunnen,2025-01-27 17:00:00,8.75,88,4.51,light rain,0.32,0.0
Berlin Gesundbrunnen,2025-01-27 18:00:00,7.65,89,5.23,overcast clouds,0.0,0.0
Berlin Gesundbrunnen,2025-01-27 19:00:00,7.77,93,4.44,light rain,0.16,0.0
Berlin Gesundbrunnen,2025-01-27 20:00:00,7.12,94,4.1,broken clouds,0.0,0.0
Berlin Gesundbrunnen,2025-01-27 21:00:00,6.78,93,4.37,scattered clouds,0.0,0.0
Berlin Gesundbrunnen,2025-01-27 22:00:00,6.45,94,4.11,broken clouds,0.0,0.0
Berlin Gesundbrunnen,2025-01-27 23:00:00,6.08,92,4.33,broken clouds,0.0,0.0
Berlin Gesundbrunnen,2025-01-28 00:00:00,6.13,93,5.21,broken clouds,0.0,0.0
Berlin Gesundbrunnen,2025-01-28 01:00:00,6.54,92,5.68,broken clouds,0.0,0.0
Berlin Gesundbrunnen,2025-01-28 02:00:00,6.38,91,5.0,light rain,0.34,0.0
Berlin Gesundbrunnen,2025-01-28 03:00:00,6.96,92,5.95,broken clouds,0.0,0.0
Berlin Gesundbrunnen,2025-01-28 04:00:00,5.9,93,6.05,broken clouds,0.0,0.0
Berlin Gesundbrunnen,2025-01-28 05:00:00,5.29,94,3.76,broken clouds,0.0,0.0
Berlin Gesundbrunnen,2025-01-28 06:00:00,4.58,95,4.45,broken clouds,0.0,0.0
Berlin Gesundbrunnen,2025-01-28 07:00:00,4.05,93,4.22,broken clouds,0.0,0.0
Berlin Gesundbrunnen,2025-01-28 08:00:00,4.44,93,3.87,overcast clouds,0.0,0.0
Berlin Gesundbrunnen,2025-01-28 09:00:00,4.37,93,3.94,overcast clouds,0.0,0.0
Berlin Gesundbrunnen,2025-01-28 10:00:00,5.17,90,4.28,overcast clouds,0.0,0.0
Berlin Gesundbrunnen,2025-01-28 11:00:00,5.42,86,3.65,overcast clouds,0.0,0.0
Berlin Gesundbrunnen,2025-01-28 12:00:00,7.01,83,3.67,overcast clouds,0.0,0.0
Berlin Gesundbrunnen,2025-01-28 13:00:00,8.09,81,3.54,overcast clouds,0.0,0.0
Berlin Gesundbrunnen,2025-01-28 14:00:00,7.69,83,3.49,overcast clouds,0.0,0.0
Berlin Gesundbrunnen,2025-01-28 15:00:00,8.08,85,3.39,overcast clouds,0.0,0.0
Berlin Gesundbrunnen,2025-01-28 16:00:00,7.67,89,3.16,overcast clouds,0.0,0.0
Berlin Gesundbrunnen,2025-01-28 17:00:00,6.85,92,3.44,overcast clouds,0.0,0.0
Berlin Gesundbrunnen,2025-01-28 18:00:00,5.74,93,2.83,overcast clouds,0.0,0.0
Berlin Gesundbrunnen,2025-01-28 19:00:00,5.09,93,3.08,overcast clouds,0.0,0.0
Berlin Gesundbrunnen,2025-01-28 20:00:00,4.3,93,3.16,overcast clouds,0.0,0.0
Berlin Gesundbrunnen,2025-01-28 21:00:00,4.03,93,3.21,overcast clouds,0.0,0.0
Berlin Gesundbrunnen,2025-01-28 22:00:00,3.48,93,3.09,overcast clouds,0.0,0.0
Berlin Gesundbrunnen,2025-01-28 23:00:00,3.39,92,3.21,broken clouds,0.0,0.0
Berlin Gesundbrunnen,2025-01-29 00:00:00,3.3,93,3.13,broken clouds,0.0,0.0
Berlin Gesundbrunnen,2025-01-29 01:00:00,3.14,94,3.16,broken clouds,0.0,0.0
Berlin Gesundbrunnen,2025-01-29 02:00:00,2.6,94,3.21,broken clouds,0.0,0.0
Berlin Gesundbrunnen,2025-01-29 03:00:00,3.12,93,3.34,broken clouds,0.0,0.0
Berlin Gesundbrunnen,2025-01-29 04:00:00,3.41,92,3.8,broken clouds,0.0,0.0
Berlin Gesundbrunnen,2025-01-29 05:00:00,3.45,92,4.05,overcast clouds,0.0,0.0
Berlin Gesundbrunnen,2025-01-29 06:00:00,3.62,92,4.59,overcast clouds,0.0,0.0
Berlin Gesundbrunnen,2025-01-29 07:00:00,4.16,91,4.82,overcast clouds,0.0,0.0
Berlin Gesundbrunnen,2025-01-29 08:00:00,4.08,89,5.02,overcast clouds,0.0,0.0
Berlin Gesundbrunnen,2025-01-29 09:00:00,4.27,90,5.18,light rain,0.28,0.0
Berlin Gesundbrunnen,2025-01-29 10:00:00,4.44,92,5.25,overcast clouds,0.0,0.0
Berlin Gesundbrunnen,2025-01-29 11:00:00,5.76,91,5.5,overcast clouds,0.0,0.0
Berlin Gesundbrunnen,2025-01-29 12:00:00,6.55,90,5.68,light rain,0.29,0.0
Berlin Gesundbrunnen,2025-01-29 13:00:00,6.39,92,8.29,light rain,0.49,0.0
Berlin Gesundbrunnen,2025-01-29 14:00:00,7.16,92,10.14,heavy intensity rain,5.62,0.0
Berlin Gesundbrunnen,2025-01-29 15:00:00,6.21,89,9.84,moderate rain,1.63,0.0
Berlin Gesundbrunnen,2025-01-29 16:00:00,5.83,85,8.91,moderate rain,2.44,0.0
Berlin Gesundbrunnen,2025-01-29 17:00:00,5.9,82,9.27,overcast clouds,0.0,0.0
Berlin Gesundbrunnen,2025-01-29 18:00:00,5.54,82,8.75,overcast clouds,0.0,0.0
Berlin Gesundbrunnen,2025-01-29 19:00:00,5.47,84,6.85,overcast clouds,0.0,0.0
Berlin Gesundbrunnen,2025-01-29 20:00:00,5.09,84,6.35,broken clouds,0.0,0.0
Berlin Gesundbrunnen,2025-01-29 21:00:00,5.17,87,6.64,overcast clouds,0.0,0.0
Berlin Gesundbrunnen,2025-01-29 22:00:00,5.48,89,6.57,overcast clouds,0.0,0.0
Berlin Gesundbrunnen,2025-01-29 23:00:00,5.04,87,6.31,overcast clouds,0.0,0.0
Berlin Gesundbrunnen,2025-01-30 00:00:00,4.84,88,5.73,overcast clouds,0.0,0.0
Berlin Gesundbrunnen,2025-01-30 01:00:00,4.81,88,5.98,overcast clouds,0.0,0.0
Berlin Gesundbrunnen,2025-01-30 02:00:00,4.15,89,5.76,overcast clouds,0.0,0.0
Berlin Gesundbrunnen,2025-01-30 03:00:00,4.01,93,5.45,overcast clouds,0.0,0.0
Berlin Gesundbrunnen,2025-01-30 04:00:00,3.97,93,5.43,overcast clouds,0.0,0.0
Berlin Gesundbrunnen,2025-01-30 05:00:00,3.71,94,5.4,overcast clouds,0.0,0.0
Berlin Gesundbrunnen,2025-01-30 06:00:00,3.84,94,5.39,overcast clouds,0.0,0.0
Berlin Gesundbrunnen,2025-01-30 07:00:00,3.87,93,5.81,overcast clouds,0.0,0.0
Berlin Gesundbrunnen,2025-01-30 08:00:00,4.72,94,5.75,overcast clouds,0.0,0.0
Berlin Gesundbrunnen,2025-01-30 09:00:00,4.72,95,5.24,overcast clouds,0.0,0.0
Berlin Gesundbrunnen,2025-01-30 10:00:00,4.87,93,4.89,overcast clouds,0.0,0.0
Berlin Gesundbrunnen,2025-01-30 11:00:00,5.28,89,4.85,overcast clouds,0.0,0.0
Berlin Gesundbrunnen,2025-01-30 12:00:00,6.37,85,4.86,overcast clouds,0.0,0.0
Berlin Gesundbrunnen,2025-01-30 13:00:00,6.47,86,4.85,overcast clouds,0.0,0.0
Berlin Gesundbrunnen,2025-01-30 14:00:00,6.56,87,4.78,overcast clouds,0.1,0.0
Berlin Gesundbrunnen,2025-01-30 15:00:00,6.37,87,3.99,light rain,0.27,0.0
Berlin Gesundbrunnen,2025-01-30 16:00:00,5.88,87,2.85,light rain,0.18,0.0
Berlin Gesundbrunnen,2025-01-30 17:00:00,5.59,90,2.62,light rain,0.37,0.0
Berlin Gesundbrunnen,2025-01-30 18:00:00,5.2,91,2.73,light rain,0.24,0.0
Berlin Gesundbrunnen,2025-01-30 19:00:00,4.97,90,3.16,light rain,0.11,0.0
Berlin Gesundbrunnen,2025-01-30 20:00:00,4.44,90,3.43,overcast clouds,0.1,0.0
Berlin Gesundbrunnen,2025-01-30 21:00:00,4.3,91,3.47,light rain,0.14,0.0
Berlin Gesundbrunnen,2025-01-30 22:00:00,4.14,92,3.38,overcast clouds,0.0,0.0
Berlin Gesundbrunnen,2025-01-30 23:00:00,3.53,93,3.46,overcast clouds,0.0,0.0
Berlin Gesundbrunnen,2025-01-31 00:00:00,3.11,94,3.56,overcast clouds,0.0,0.0
Berlin Gesundbrunnen,2025-01-31 01:00:00,2.04,95,3.52,broken clouds,0.0,0.0
Berlin Gesundbrunnen,2025-01-31 02:00:00,2.16,95,3.52,broken clouds,0.0,0.0
Berlin Gesundbrunnen,2025-01-31 03:00:00,1.09,95,3.85,scattered clouds,0.0,0.0
Berlin Gesundbrunnen,2025-01-31 04:00:00,1.13,93,4.2,scattered clouds,0.0,0.0
Berlin Gesundbrunnen,2025-01-31 05:00:00,0.87,92,4.75,scattered clouds,0.0,0.0
Berlin Gesundbrunnen,2025-01-31 06:00:00,1.54,90,5.92,snow,0.0,1.38
Berlin Gesundbrunnen,2025-01-31 07:00:00,1.6,94,7.1,snow,0.0,2.88
Berlin Gesundbrunnen,2025-01-31 08:00:00,2.15,94,7.34,light rain,0.75,0.0
Berlin Gesundbrunnen,2025-01-31 09:00:00,2.16,89,8.09,overcast clouds,0.0,0.0
Berlin Gesundbrunnen,2025-01-31 10:00:00,2.79,85,8.14,light rain,0.32,0.0
Berlin Gesundbrunnen,2025-01-31 11:00:00,3.84,82,8.42,overcast clouds,0.0,0.0
Berlin Gesundbrunnen,2025-01-31 12:00:00,4.84,79,8.09,light rain,0.29,0.0
Berlin Gesundbrunnen,2025-01-31 13:00:00,5.51,82,7.4,overcast clouds,0.0,0.0
Berlin Gesundbrunnen,2025-01-31 14:00:00,6.09,76,6.79,broken clouds,0.0,0.0
Berlin Gesundbrunnen,2025-01-31 15:00:00,6.18,76,6.36,broken clouds,0.0,0.0
Berlin Gesundbrunnen,2025-01-31 16:00:00,5.75,78,5.8,broken clouds,0.0,0.0
Berlin Gesundbrunnen,2025-01-31 17:00:00,4.83,82,4.89,broken clouds,0.0,0.0
Berlin Gesundbrunnen,2025-01-31 18:00:00,4.24,86,4.23,broken clouds,0.0,0.0
Berlin Gesundbrunnen,2025-01-31 19:00:00,3.71,90,4.04,broken clouds,0.0,0.0
Berlin Gesundbrunnen,2025-01-31 20:00:00,2.81,91,3.83,scattered clouds,0.0,0.0
Berlin Gesundbrunnen,2025-01-31 21:00:00,2.86,92,3.54,broken clouds,0.0,0.0
Berlin Gesundbrunnen,2025-01-31 22:00:00,3.47,92,3.56,scattered clouds,0.0,0.0
Berlin Gesundbrunnen,2025-01-31 23:00:00,2.89,93,3.51,scattered clouds,0.0,0.0
Berlin Gesundbrunnen,2025-02-01 00:00:00,2.7,92,3.32,scattered clouds,0.0,0.0
Berlin Gesundbrunnen,2025-02-01 01:00:00,2.55,93,3.09,scattered clouds,0.0,0.0
Berlin Gesundbrunnen,2025-02-01 02:00:00,2.07,93,3.03,overcast clouds,0.0,0.0
Berlin Gesundbrunnen,2025-02-01 03:00:00,1.4,93,3.18,overcast clouds,0.0,0.0
Berlin Gesundbrunnen,2025-02-01 04:00:00,1.88,95,2.94,overcast clouds,0.0,0.0
Berlin Gesundbrunnen,2025-02-01 05:00:00,2.46,95,3.14,overcast clouds,0.0,0.0
Berlin Gesundbrunnen,2025-02-01 06:00:00,1.93,95,2.96,overcast clouds,0.0,0.0
Berlin Gesundbrunnen,2025-02-01 07:00:00,2.24,95,2.95,overcast clouds,0.0,0.0
Berlin Gesundbrunnen,2025-02-01 08:00:00,2.16,95,2.86,overcast clouds,0.0,0.0
Berlin Gesundbrunnen,2025-02-01 09:00:00,2.31,95,2.65,broken clouds,0.0,0.0
Berlin Gesundbrunnen,2025-02-01 10:00:00,2.26,91,2.78,scattered clouds,0.0,0.0
Berlin Gesundbrunnen,2025-02-01 11:00:00,3.33,86,2.81,scattered clouds,0.0,0.0
Berlin Gesundbrunnen,2025-02-01 12:00:00,3.49,81,2.71,scattered clouds,0.0,0.0
Berlin Gesundbrunnen,2025-02-01 13:00:00,4.51,77,2.86,few clouds,0.0,0.0
Berlin Gesundbrunnen,2025-02-01 14:00:00,4.91,74,2.91,few clouds,0.0,0.0
Berlin Gesundbrunnen,2025-02-01 15:00:00,4.48,74,2.52,few clouds,0.0,0.0
Berlin Gesundbrunnen,2025-02-01 16:00:00,2.97,81,1.84,few clouds,0.0,0.0
Berlin Gesundbrunnen,2025-02-01 17:00:00,2.15,86,1.55,few clouds,0.0,0.0
Berlin Gesundbrunnen,2025-02-01 18:00:00,1.51,87,1.44,few clouds,0.0,0.0
Berlin Gesundbrunnen,2025-02-01 19:00:00,0.61,91,1.88,few clouds,0.0,0.0
Berlin Gesundbrunnen,2025-02-01 20:00:00,0.57,92,1.76,clear sky,0.0,0.0
Berlin Gesundbrunnen,2025-02-01 21:00:00,0.53,93,2.0,clear sky,0.0,0.0
Berlin Gesundbrunnen,2025-02-01 22:00:00,0.34,94,1.93,clear sky,0.0,0.0
Berlin Gesundbrunnen,2025-02-01 23:00:00,0.22,94,1.67,clear sky,0.0,0.0
Berlin Gesundbrunnen,2025-02-02 00:00:00,0.14,94,1.49,clear sky,0.0,0.0
Berlin Gesundbrunnen,2025-02-02 01:00:00,0.02,95,1.86,clear sky,0.0,0.0
Berlin Gesundbrunnen,2025-02-02 02:00:00,-0.33,95,1.78,few clouds,0.0,0.0
Berlin Gesundbrunnen,2025-02-02 03:00:00,-0.61,94,1.49,broken clouds,0.0,0.0
Berlin Gesundbrunnen,2025-02-02 04:00:00,-0.9,94,1.39,broken clouds,0.0,0.0
Berlin Gesundbrunnen,2025-02-02 05:00:00,-1.05,94,1.22,broken clouds,0.0,0.0
Berlin Gesundbrunnen,2025-02-02 06:00:00,-1.4,94,1.48,broken clouds,0.0,0.0
Berlin Gesundbrunnen,2025-02-02 07:00:00,-1.95,93,1.71,broken clouds,0.0,0.0
Berlin Gesundbrunnen,2025-02-02 08:00:00,-2.21,92,1.97,overcast clouds,0.0,0.0
Berlin Gesundbrunnen,2025-02-02 09:00:00,-2.7,89,1.82,overcast clouds,0.0,0.0
Berlin Gesundbrunnen,2025-02-02 10:00:00,-3.29,83,1.89,overcast clouds,0.0,0.0
Berlin Gesundbrunnen,2025-02-02 11:00:00,-2.29,76,1.79,overcast clouds,0.0,0.0
Berlin Gesundbrunnen,2025-02-02 12:00:00,-1.24,71,1.82,overcast clouds,0.0,0.0
Berlin Gesundbrunnen,2025-02-02 13:00:00,0.01,69,1.96,overcast clouds,0.0,0.0
Berlin Gesundbrunnen,2025-02-02 14:00:00,1.11,67,1.75,overcast clouds,0.0,0.0
Berlin Gesundbrunnen,2025-02-02 15:00:00,2.81,68,1.21,overcast clouds,0.0,0.0
Berlin Gesundbrunnen,2025-02-02 16:00:00,1.54,75,1.14,overcast clouds,0.0,0.0
Berlin Gesundbrunnen,2025-02-02 17:00:00,-0.1,79,1.18,overcast clouds,0.0,0.0
Berlin Gesundbrunnen,2025-02-02 18:00:00,-1.12,81,1.28,overcast clouds,0.0,0.0
Berlin Gesundbrunnen,2025-02-02 19:00:00,-1.11,81,1.26,overcast clouds,0.0,0.0
Berlin Gesundbrunnen,2025-02-02 20:00:00,-0.76,82,1.44,overcast clouds,0.0,0.0
Berlin Gesundbrunnen,2025-02-02 21:00:00,-0.97,82,1.9,overcast clouds,0.0,0.0
Berlin Gesundbrunnen,2025-02-02 22:00:00,-1.2,83,1.91,overcast clouds,0.0,0.0
Berlin Gesundbrunnen,2025-02-02 23:00:00,-1.64,86,1.91,overcast clouds,0.0,0.0
Berlin Gesundbrunnen,2025-02-03 00:00:00,-3.09,99,1.7,overcast clouds,0.0,0.0
Berlin Gesundbrunnen,2025-02-03 01:00:00,-3.23,99,1.94,broken clouds,0.0,0.0
Berlin Gesundbrunnen,2025-02-03 02:00:00,-3.34,99,2.22,overcast clouds,0.0,0.0
Berlin Gesundbrunnen,2025-02-03 03:00:00,-3.32,99,2.42,overcast clouds,0.0,0.0
Berlin Gesundbrunnen,2025-02-03 04:00:00,-3.44,99,1.96,overcast clouds,0.0,0.0
Berlin Gesundbrunnen,2025-02-03 05:00:00,-3.43,99,2.29,overcast clouds,0.0,0.0
Berlin Gesundbrunnen,2025-02-03 06:00:00,-3.48,99,2.48,broken clouds,0.0,0.0
Berlin Gesundbrunnen,2025-02-03 07:00:00,-3.67,99,2.68,broken clouds,0.0,0.0
Berlin Gesundbrunnen,2025-02-03 08:00:00,-4.07,99,2.32,clear sky,0.0,0.0
Berlin Gesundbrunnen,2025-02-03 09:00:00,-3.24,99,2.54,scattered clouds,0.0,0.0
Berlin Gesundbrunnen,2025-02-03 10:00:00,-1.88,79,3.41,scattered clouds,0.0,0.0
Berlin Gesundbrunnen,2025-02-03 11:00:00,-0.54,74,3.55,scattered clouds,0.0,0.0
Berlin Gesundbrunnen,2025-02-03 12:00:00,0.68,69,3.8,broken clouds,0.0,0.0
Berlin Gesundbrunnen,2025-02-03 13:00:00,1.92,67,3.77,broken clouds,0.0,0.0
Berlin Gesundbrunnen,2025-02-03 14:00:00,2.66,66,3.49,overcast clouds,0.0,0.0
Berlin Gesundbrunnen,2025-02-03 15:00:00,3.13,67,2.82,overcast clouds,0.0,0.0
Berlin Gesundbrunnen,2025-02-03 16:00:00,2.54,72,2.26,broken clouds,0.0,0.0
Berlin Gesundbrunnen,2025-02-03 17:00:00,1.43,76,2.04,broken clouds,0.0,0.0
Berlin Gesundbrunnen,2025-02-03 18:00:00,-0.14,77,2.36,broken clouds,0.0,0.0
Berlin Gesundbrunnen,2025-02-03 19:00:00,-0.86,80,2.57,scattered clouds,0.0,0.0
Berlin Gesundbrunnen,2025-02-03 20:00:00,-2.54,99,2.89,few clouds,0.0,0.0
Berlin Gesundbrunnen,2025-02-03 21:00:00,-1.8,83,2.9,few clouds,0.0,0.0
Berlin Gesundbrunnen,2025-02-03 22:00:00,-2.79,99,3.06,few clouds,0.0,0.0
Berlin Gesundbrunnen,2025-02-03 23:00:00,-2.99,99,3.17,scattered clouds,0.0,0.0
Berlin Gesundbrunnen,2025-02-04 00:00:00,-3.19,99,3.17,scattered clouds,0.0,0.0
Berlin Gesundbrunnen,2025-02-04 01:00:00,-2.79,99,3.02,broken clouds,0.0,0.0
Berlin Gesundbrunnen,2025-02-04 02:00:00,-2.82,99,2.99,overcast clouds,0.0,0.0
Berlin Gesundbrunnen,2025-02-04 03:00:00,-2.59,99,2.97,broken clouds,0.0,0.0
Berlin Gesundbrunnen,2025-02-04 04:00:00,-3.15,99,3.04,broken clouds,0.0,0.0
Berlin Gesundbrunnen,2025-02-04 05:00:00,-2.98,99,2.98,scattered clouds,0.0,0.0
Berlin Gesundbrunnen,2025-02-04 06:00:00,-3.52,99,3.32,broken clouds,0.0,0.0
Berlin Gesundbrunnen,2025-02-04 07:00:00,-3.67,99,3.25,broken clouds,0.0,0.0
Berlin Gesundbrunnen,2025-02-04 08:00:00,-3.66,99,3.44,broken clouds,0.0,0.0
Berlin Gesundbrunnen,2025-02-04 09:00:00,-1.22,87,3.71,broken clouds,0.0,0.0
Berlin Gesundbrunnen,2025-02-04 10:00:00,-0.83,79,4.04,broken clouds,0.0,0.0
Berlin Gesundbrunnen,2025-02-04 11:00:00,0.23,74,4.78,broken clouds,0.0,0.0
Berlin Gesundbrunnen,2025-02-04 12:00:00,1.7,71,5.15,broken clouds,0.0,0.0
Berlin Gesundbrunnen,2025-02-04 13:00:00,1.21,69,5.31,broken clouds,0.0,0.0
Berlin Gesundbrunnen,2025-02-04 14:00:00,1.93,70,5.17,scattered clouds,0.0,0.0
Berlin Gesundbrunnen,2025-02-04 15:00:00,1.92,75,4.51,scattered clouds,0.0,0.0
Berlin Gesundbrunnen,2025-02-04 16:00:00,1.68,80,4.28,broken clouds,0.0,0.0
Berlin Gesundbrunnen,2025-02-04 17:00:00,1.55,89,3.74,broken clouds,0.0,0.0
Berlin Gesundbrunnen,2025-02-04 18:00:00,1.56,92,3.8,broken clouds,0.0,0.0
Berlin Gesundbrunnen,2025-02-04 19:00:00,1.32,89,4.03,broken clouds,0.0,0.0
Berlin Gesundbrunnen,2025-02-04 20:00:00,1.97,92,4.16,broken clouds,0.0,0.0
Berlin Gesundbrunnen,2025-02-04 21:00:00,2.37,93,4.31,scattered clouds,0.0,0.0
Berlin Gesundbrunnen,2025-02-04 22:00:00,2.47,93,4.31,few clouds,0.0,0.0
Berlin Gesundbrunnen,2025-02-04 23:00:00,2.38,93,4.37,few clouds,0.0,0.0
Berlin Gesundbrunnen,2025-02-05 00:00:00,2.3,93,4.68,few clouds,0.0,0.0
Berlin Gesundbrunnen,2025-02-05 01:00:00,2.54,92,4.92,broken clouds,0.0,0.0
Berlin Gesundbrunnen,2025-02-05 02:00:00,2.19,87,5.14,clear sky,0.0,0.0
Berlin Gesundbrunnen,2025-02-05 03:00:00,1.86,82,5.13,few clouds,0.0,0.0
Berlin Gesundbrunnen,2025-02-05 04:00:00,0.96,79,5.26,scattered clouds,0.0,0.0
Berlin Gesundbrunnen,2025-02-05 05:00:00,1.0,79,5.5,broken clouds,0.0,0.0
Berlin Gesundbrunnen,2025-02-05 06:00:00,0.99,84,5.27,broken clouds,0.0,0.0
Berlin Gesundbrunnen,2025-02-05 07:00:00,0.96,91,5.06,broken clouds,0.0,0.0
Berlin Gesundbrunnen,2025-02-05 08:00:00,1.63,93,5.13,overcast clouds,0.0,0.0
Berlin Gesundbrunnen,2025-02-05 09:00:00,2.34,93,5.32,overcast clouds,0.0,0.0
Berlin Gesundbrunnen,2025-02-05 10:00:00,3.02,89,5.04,overcast clouds,0.0,0.0
Berlin Gesundbrunnen,2025-02-05 11:00:00,3.85,87,5.53,broken clouds,0.0,0.0
Berlin Gesundbrunnen,2025-02-05 12:00:00,4.83,87,5.99,broken clouds,0.0,0.0
Berlin Gesundbrunnen,2025-02-05 13:00:00,5.64,81,6.27,overcast clouds,0.0,0.0
Berlin Gesundbrunnen,2025-02-05 14:00:00,6.12,78,5.4,overcast clouds,0.0,0.0
Berlin Gesundbrunnen,2025-02-05 15:00:00,7.39,76,4.45,overcast clouds,0.0,0.0
Berlin Gesundbrunnen,2025-02-05 16:00:00,7.27,83,3.21,overcast clouds,0.0,0.0
Berlin Gesundbrunnen,2025-02-05 17:00:00,5.71,90,3.68,broken clouds,0.0,0.0
Berlin Gesundbrunnen,2025-02-05 18:00:00,3.7,93,3.66,broken clouds,0.0,0.0
Berlin Gesundbrunnen,2025-02-05 19:00:00,2.97,97,3.68,broken clouds,0.0,0.0
Berlin Gesundbrunnen,2025-02-05 20:00:00,2.94,98,3.45,overcast clouds,0.0,0.0
Berlin Gesundbrunnen,2025-02-05 21:00:00,2.24,98,2.99,overcast clouds,0.0,0.0
Berlin Gesundbrunnen,2025-02-05 22:00:00,2.23,97,2.85,overcast clouds,0.0,0.0
Berlin Gesundbrunnen,2025-02-05 23:00:00,2.97,97,2.73,overcast clouds,0.0,0.0
Berlin Gesundbrunnen,2025-02-06 00:00:00,3.06,96,2.64,overcast clouds,0.0,0.0
Berlin Gesundbrunnen,2025-02-06 01:00:00,3.03,96,2.47,overcast clouds,0.0,0.0
Berlin Gesundbrunnen,2025-02-06 02:00:00,3.37,96,2.52,overcast clouds,0.0,0.0
Berlin Gesundbrunnen,2025-02-06 03:00:00,2.99,96,2.53,overcast clouds,0.0,0.0
Berlin Gesundbrunnen,2025-02-06 04:00:00,3.29,95,2.54,overcast clouds,0.0,0.0
Berlin Gesundbrunnen,2025-02-06 05:00:00,3.41,95,2.46,overcast clouds,0.0,0.0
Berlin Gesundbrunnen,2025-02-06 06:00:00,3.23,95,2.4,overcast clouds,0.0,0.0
Berlin Gesundbrunnen,2025-02-06 07:00:00,3.53,96,2.52,overcast clouds,0.0,0.0
Berlin Gesundbrunnen,2025-02-06 08:00:00,3.6,96,2.75,overcast clouds,0.0,0.0
Berlin Gesundbrunnen,2025-02-06 09:00:00,3.49,96,2.74,overcast clouds,0.0,0.0
Berlin Gesundbrunnen,2025-02-06 10:00:00,3.44,90,2.29,overcast clouds,0.0,0.0
Berlin Gesundbrunnen,2025-02-06 11:00:00,3.5,82,3.42,overcast clouds,0.0,0.0
Berlin Gesundbrunnen,2025-02-06 12:00:00,4.14,73,4.04,overcast clouds,0.0,0.0
Berlin Gesundbrunnen,2025-02-06 13:00:00,4.08,69,4.09,scattered clouds,0.0,0.0
Berlin Gesundbrunnen,2025-02-06 14:00:00,4.57,68,3.73,clear sky,0.0,0.0
Berlin Gesundbrunnen,2025-02-06 15:00:00,4.6,70,3.52,clear sky,0.0,0.0
Berlin Gesundbrunnen,2025-02-06 16:00:00,4.42,78,3.31,clear sky,0.0,0.0
Berlin Gesundbrunnen,2025-02-06 17:00:00,3.57,88,3.19,clear sky,0.0,0.0
Berlin Gesundbrunnen,2025-02-06 18:00:00,2.69,91,3.13,clear sky,0.0,0.0
Berlin Gesundbrunnen,2025-02-06 19:00:00,2.76,95,3.34,clear sky,0.0,0.0
Berlin Gesundbrunnen,2025-02-06 20:00:00,2.71,96,3.86,clear sky,0.0,0.0
Berlin Gesundbrunnen,2025-02-06 21:00:00,2.59,96,4.33,clear sky,0.0,0.0
Berlin Gesundbrunnen,2025-02-06 22:00:00,2.57,95,4.32,few clouds,0.0,0.0
Berlin Gesundbrunnen,2025-02-06 23:00:00,2.64,95,4.32,few clouds,0.0,0.0
Berlin Gesundbrunnen,2025-02-07 00:00:00,2.57,96,4.55,few clouds,0.0,0.0
Berlin Gesundbrunnen,2025-02-07 01:00:00,2.57,96,4.67,scattered clouds,0.0,0.0
Berlin Gesundbrunnen,2025-02-07 02:00:00,2.69,93,5.34,broken clouds,0.0,0.0
Berlin Gesundbrunnen,2025-02-07 03:00:00,2.69,87,6.21,overcast clouds,0.0,0.0
Berlin Gesundbrunnen,2025-02-07 04:00:00,2.55,83,6.56,overcast clouds,0.0,0.0
Berlin Gesundbrunnen,2025-02-07 05:00:00,2.49,81,6.96,overcast clouds,0.0,0.0
Berlin Gesundbrunnen,2025-02-07 06:00:00,2.0,86,5.48,overcast clouds,0.0,0.0
Berlin Gesundbrunnen,2025-02-07 07:00:00,1.99,91,5.21,overcast clouds,0.0,0.0
Berlin Gesundbrunnen,2025-02-07 08:00:00,2.34,94,5.44,clear sky,0.0,0.0
Berlin Gesundbrunnen,2025-02-07 09:00:00,2.64,93,5.97,few clouds,0.0,0.0
Berlin Gesundbrunnen,2025-02-07 10:00:00,2.51,90,6.34,few clouds,0.0,0.0
Berlin Gesundbrunnen,2025-02-07 11:00:00,2.69,85,7.23,scattered clouds,0.0,0.0
Berlin Gesundbrunnen,2025-02-07 12:00:00,2.91,80,7.59,scattered clouds,0.0,0.0
Berlin Gesundbrunnen,2025-02-07 13:00:00,3.66,82,6.51,broken clouds,0.0,0.0
Berlin Gesundbrunnen,2025-02-07 14:00:00,3.57,79,6.44,overcast clouds,0.0,0.0
Berlin Gesundbrunnen,2025-02-07 15:00:00,3.12,75,7.43,light rain,0.87,0.0
Berlin Gesundbrunnen,2025-02-07 16:00:00,2.98,75,7.15,light rain,0.35,0.0
Berlin Gesundbrunnen,2025-02-07 17:00:00,2.8,78,6.17,overcast clouds,0.0,0.0
Berlin Gesundbrunnen,2025-02-07 18:00:00,2.7,77,5.92,overcast clouds,0.0,0.0
Berlin Gesundbrunnen,2025-02-07 19:00:00,2.14,81,5.32,overcast clouds,0.0,0.0
Berlin Gesundbrunnen,2025-02-07 20:00:00,1.8,79,5.55,overcast clouds,0.0,0.0
Berlin Gesundbrunnen,2025-02-07 21:00:00,1.53,81,5.65,overcast clouds,0.0,0.0
Berlin Gesundbrunnen,2025-02-07 22:00:00,1.1,88,6.53,overcast clouds,0.0,0.0
Berlin Gesundbrunnen,2025-02-07 23:00:00,1.25,92,7.15,overcast clouds,0.0,0.0
Berlin Gesundbrunnen,2025-02-08 00:00:00,1.54,79,7.66,overcast clouds,0.0,0.0
Berlin Gesundbrunnen,2025-02-08 01:00:00,1.54,79,5.98,overcast clouds,0.0,0.0
Berlin Gesundbrunnen,2025-02-08 02:00:00,0.71,84,6.26,overcast clouds,0.0,0.0
Berlin Gesundbrunnen,2025-02-08 03:00:00,0.12,83,6.56,broken clouds,0.0,0.0
Berlin Gesundbrunnen,2025-02-08 04:00:00,-0.2,84,6.51,broken clouds,0.0,0.0
Berlin Gesundbrunnen,2025-02-08 05:00:00,-0.91,84,6.35,broken clouds,0.0,0.0
Berlin Gesundbrunnen,2025-02-08 06:00:00,-0.82,85,6.13,broken clouds,0.0,0.0
Berlin Gesundbrunnen,2025-02-08 07:00:00,-0.55,89,5.91,broken clouds,0.0,0.0
Berlin Gesundbrunnen,2025-02-08 08:00:00,-0.34,88,5.64,scattered clouds,0.0,0.0
Berlin Gesundbrunnen,2025-02-08 09:00:00,-0.34,85,5.85,scattered clouds,0.0,0.0
Berlin Gesundbrunnen,2025-02-08 10:00:00,0.02,79,6.28,broken clouds,0.0,0.0
Berlin Gesundbrunnen,2025-02-08 11:00:00,0.75,74,6.17,broken clouds,0.0,0.0
Berlin Gesundbrunnen,2025-02-08 12:00:00,1.65,70,6.2,broken clouds,0.0,0.0
Berlin Gesundbrunnen,2025-02-08 13:00:00,2.52,70,6.19,broken clouds,0.0,0.0
Berlin Gesundbrunnen,2025-02-08 14:00:00,2.77,68,6.02,overcast clouds,0.0,0.0
Berlin Gesundbrunnen,2025-02-08 15:00:00,2.87,70,4.87,overcast clouds,0.0,0.0
Berlin Gesundbrunnen,2025-02-08 16:00:00,2.85,73,4.95,overcast clouds,0.0,0.0
Berlin Gesundbrunnen,2025-02-08 17:00:00,2.33,79,4.07,overcast clouds,0.0,0.0
Berlin Gesundbrunnen,2025-02-08 18:00:00,1.57,85,3.44,broken clouds,0.0,0.0
Berlin Gesundbrunnen,2025-02-08 19:00:00,0.7,87,3.48,broken clouds,0.0,0.0
Berlin Gesundbrunnen,2025-02-08 20:00:00,0.77,88,3.37,scattered clouds,0.0,0.0
Berlin Gesundbrunnen,2025-02-08 21:00:00,0.85,89,3.08,scattered clouds,0.0,0.0
Berlin Gesundbrunnen,2025-02-08 22:00:00,0.14,89,2.84,broken clouds,0.0,0.0
Berlin Gesundbrunnen,2025-02-08 23:00:00,0.25,88,2.83,broken clouds,0.0,0.0
Berlin Gesundbrunnen,2025-02-09 00:00:00,0.19,87,3.04,broken clouds,0.0,0.0
Berlin Gesundbrunnen,2025-02-09 01:00:00,-0.05,87,3.21,broken clouds,0.0,0.0
Berlin Gesundbrunnen,2025-02-09 02:00:00,-0.05,88,3.12,overcast clouds,0.0,0.0
Berlin Gesundbrunnen,2025-02-09 03:00:00,-0.06,87,3.26,overcast clouds,0.0,0.0
Berlin Gesundbrunnen,2025-02-09 04:00:00,0.01,87,3.34,overcast clouds,0.0,0.0
Berlin Gesundbrunnen,2025-02-09 05:00:00,-0.84,86,3.49,overcast clouds,0.0,0.0
Berlin Gesundbrunnen,2025-02-09 06:00:00,-0.72,85,3.59,overcast clouds,0.0,0.0
Berlin Gesundbrunnen,2025-02-09 07:00:00,-0.72,83,3.81,light snow,0.0,0.15
Berlin Gesundbrunnen,2025-02-09 08:00:00,-1.31,82,3.71,light snow,0.0,0.13
Berlin Gesundbrunnen,2025-02-09 09:00:00,-1.14,79,3.63,overcast clouds,0.0,0.0
Berlin Gesundbrunnen,2025-02-09 10:00:00,0.06,74,4.14,overcast clouds,0.0,0.0
Berlin Gesundbrunnen,2025-02-09 11:00:00,1.61,69,5.0,broken clouds,0.0,0.0
Berlin Gesundbrunnen,2025-02-09 12:00:00,2.11,67,5.52,broken clouds,0.0,0.0
Berlin Gesundbrunnen,2025-02-09 13:00:00,3.03,67,5.92,broken clouds,0.0,0.0
Berlin Gesundbrunnen,2025-02-09 14:00:00,3.51,69,6.24,few clouds,0.0,0.0
Berlin Gesundbrunnen,2025-02-09 15:00:00,3.51,75,5.9,scattered clouds,0.0,0.0
Berlin Gesundbrunnen,2025-02-09 16:00:00,2.86,80,5.85,broken clouds,0.0,0.0
Berlin Gesundbrunnen,2025-02-09 17:00:00,2.55,85,5.78,broken clouds,0.0,0.0
Berlin Gesundbrunnen,2025-02-09 18:00:00,2.44,88,5.66,broken clouds,0.0,0.0
Berlin Gesundbrunnen,2025-02-09 19:00:00,2.56,88,6.38,scattered clouds,0.0,0.0
Berlin Gesundbrunnen,2025-02-09 20:00:00,2.57,87,6.47,overcast clouds,0.0,0.0
Berlin Gesundbrunnen,2025-02-09 21:00:00,2.49,87,6.51,overcast clouds,0.0,0.0
Berlin Gesundbrunnen,2025-02-09 22:00:00,2.54,86,6.73,overcast clouds,0.0,0.0
Berlin Gesundbrunnen,2025-02-09 23:00:00,2.44,87,6.78,overcast clouds,0.0,0.0
Berlin Gesundbrunnen,2025-02-10 00:00:00,2.34,86,6.98,overcast clouds,0.0,0.0
Berlin Gesundbrunnen,2025-02-10 01:00:00,2.39,85,7.31,overcast clouds,0.0,0.0
Berlin Gesundbrunnen,2025-02-10 02:00:00,1.99,85,7.47,overcast clouds,0.0,0.0
Berlin Gesundbrunnen,2025-02-10 03:00:00,1.92,90,7.69,overcast clouds,0.0,0.0
Berlin Gesundbrunnen,2025-02-10 04:00:00,1.92,97,7.06,overcast clouds,0.0,0.0
Berlin Gesundbrunnen,2025-02-10 05:00:00,1.86,97,7.07,overcast clouds,0.0,0.0
Berlin Gesundbrunnen,2025-02-10 06:00:00,1.79,95,7.13,overcast clouds,0.0,0.0
Berlin Gesundbrunnen,2025-02-10 07:00:00,1.73,83,7.59,overcast clouds,0.0,0.0
Berlin Gesundbrunnen,2025-02-10 08:00:00,1.55,83,7.62,overcast clouds,0.0,0.0
Berlin Gesundbrunnen,2025-02-10 09:00:00,1.96,82,7.62,overcast clouds,0.0,0.0
Berlin Gesundbrunnen,2025-02-10 10:00:00,1.8,79,7.53,overcast clouds,0.0,0.0
Berlin Gesundbrunnen,2025-02-10 11:00:00,2.27,75,7.33,overcast clouds,0.0,0.0
Berlin Gesundbrunnen,2025-02-10 12:00:00,2.64,72,7.4,overcast clouds,0.0,0.0
Berlin Gesundbrunnen,2025-02-10 13:00:00,3.42,70,7.44,overcast clouds,0.0,0.0
Berlin Gesundbrunnen,2025-02-10 14:00:00,2.95,67,7.45,overcast clouds,0.0,0.0
Berlin Gesundbrunnen,2025-02-10 15:00:00,2.98,66,7.46,overcast clouds,0.0,0.0
Berlin Gesundbrunnen,2025-02-10 16:00:00,2.68,66,7.5,overcast clouds,0.0,0.0
Berlin Gesundbrunnen,2025-02-10 17:00:00,2.48,68,7.17,overcast clouds,0.0,0.0
Berlin Gesundbrunnen,2025-02-10 18:00:00,1.78,69,7.11,overcast clouds,0.0,0.0
Berlin Gesundbrunnen,2025-02-10 19:00:00,1.09,69,7.11,overcast clouds,0.0,0.0
Berlin Gesundbrunnen,2025-02-10 20:00:00,1.04,68,7.15,overcast clouds,0.0,0.0
Berlin Gesundbrunnen,2025-02-10 21:00:00,0.72,66,7.39,overcast clouds,0.0,0.0
Berlin Gesundbrunnen,2025-02-10 22:00:00,0.36,65,7.83,overcast clouds,0.0,0.0
Berlin Gesundbrunnen,2025-02-10 23:00:00,0.08,63,7.91,overcast clouds,0.0,0.0
Berlin Gesundbrunnen,2025-02-11 00:00:00,0.01,60,7.77,broken clouds,0.0,0.0
Berlin Gesundbrunnen,2025-02-11 01:00:00,0.01,60,7.8,overcast clouds,0.0,0.0
Berlin Gesundbrunnen,2025-02-11 02:00:00,-0.35,58,7.67,broken clouds,0.0,0.0
Berlin Gesundbrunnen,2025-02-11 03:00:00,-0.91,58,7.4,broken clouds,0.0,0.0
Berlin Gesundbrunnen,2025-02-11 04:00:00,-1.2,57,7.66,scattered clouds,0.0,0.0
Berlin Gesundbrunnen,2025-02-11 05:00:00,-1.77,57,7.96,scattered clouds,0.0,0.0
Berlin Gesundbrunnen,2025-02-11 06:00:00,-1.83,56,8.0,scattered clouds,0.0,0.0
Berlin Gesundbrunnen,2025-02-11 07:00:00,-2.24,58,8.09,few clouds,0.0,0.0
Berlin Gesundbrunnen,2025-02-11 08:00:00,-3.03,99,8.47,clear sky,0.0,0.0
Berlin Gesundbrunnen,2025-02-11 09:00:00,-2.11,54,8.42,clear sky,0.0,0.0
Berlin Gesundbrunnen,2025-02-11 10:00:00,-1.17,50,8.48,few clouds,0.0,0.0
Berlin Gesundbrunnen,2025-02-11 11:00:00,-0.03,46,8.27,few clouds,0.0,0.0
Berlin Gesundbrunnen,2025-02-11 12:00:00,1.08,44,8.47,scattered clouds,0.0,0.0
Berlin Gesundbrunnen,2025-02-11 13:00:00,1.89,45,8.09,scattered clouds,0.0,0.0
Berlin Gesundbrunnen,2025-02-11 14:00:00,2.42,46,7.88,overcast clouds,0.0,0.0
Berlin Gesundbrunnen,2025-02-11 15:00:00,2.28,48,8.13,overcast clouds,0.0,0.0
Berlin Gesundbrunnen,2025-02-11 16:00:00,1.68,49,8.04,overcast clouds,0.0,0.0
Berlin Gesundbrunnen,2025-02-11 17:00:00,1.48,50,7.89,overcast clouds,0.0,0.0
Berlin Gesundbrunnen,2025-02-11 18:00:00,1.33,51,7.55,light snow,0.0,0.17
Berlin Gesundbrunnen,2025-02-11 19:00:00,1.34,53,7.64,overcast clouds,0.0,0.1
Berlin Gesundbrunnen,2025-02-11 20:00:00,1.34,54,7.42,overcast clouds,0.0,0.1
Berlin Gesundbrunnen,2025-02-11 21:00:00,0.71,55,7.1,light snow,0.0,0.27
