ride_id,train_name,origin_station,destination_station,departure_time_origin,day_of_week,hour_of_day,delay_at_dest
-1028270319216920413-2504121732,ICE 1695,Nürnberg Hbf,Augsburg Hbf,2025-04-12 17:32:00,5,17,8
-1028270319216920413-2504121732,ICE 1695,Nürnberg Hbf,München Hbf,2025-04-12 17:32:00,5,17,12
-1028270319216920413-2504121732,ICE 1695,Augsburg Hbf,München Hbf,2025-04-12 18:48:00,5,18,12
-1028270319216920413-2504131732,ICE 1695,Nürnberg Hbf,Augsburg Hbf,2025-04-13 17:32:00,6,17,2
-1028270319216920413-2504131732,ICE 1695,Nürnberg Hbf,München Hbf,2025-04-13 17:32:00,6,17,-1
-1028270319216920413-2504131732,ICE 1695,Augsburg Hbf,München Hbf,2025-04-13 18:48:00,6,18,-1
-1028270319216920413-2504141732,ICE 1695,Nürnberg Hbf,Augsburg Hbf,2025-04-14 17:32:00,0,17,0
-1028270319216920413-2504141732,ICE 1695,Nürnberg Hbf,München Hbf,2025-04-14 17:32:00,0,17,0
-1028270319216920413-2504141732,ICE 1695,Augsburg Hbf,München Hbf,2025-04-14 18:48:00,0,18,0
-1028270319216920413-2504151732,ICE 1695,Nürnberg Hbf,Augsburg Hbf,2025-04-15 17:32:00,1,17,20
-1028270319216920413-2504151732,ICE 1695,Nürnberg Hbf,München Hbf,2025-04-15 17:32:00,1,17,18
-1028270319216920413-2504151732,ICE 1695,Augsburg Hbf,München Hbf,2025-04-15 18:48:00,1,18,18
-1028270319216920413-2504161732,ICE 1695,Nürnberg Hbf,Augsburg Hbf,2025-04-16 17:32:00,2,17,0
-1028270319216920413-2504161732,ICE 1695,Nürnberg Hbf,München Hbf,2025-04-16 17:32:00,2,17,0
-1028270319216920413-2504161732,ICE 1695,Augsburg Hbf,München Hbf,2025-04-16 18:48:00,2,18,0
-1028270319216920413-2504171732,ICE 1695,Nürnberg Hbf,Augsburg Hbf,2025-04-17 17:32:00,3,17,4
-1028270319216920413-2504171732,ICE 1695,Nürnberg Hbf,München Hbf,2025-04-17 17:32:00,3,17,4
-1028270319216920413-2504171732,ICE 1695,Augsburg Hbf,München Hbf,2025-04-17 18:48:00,3,18,4
-1028270319216920413-2504181732,ICE 1695,Nürnberg Hbf,Augsburg Hbf,2025-04-18 17:32:00,4,17,9
-1028270319216920413-2504181732,ICE 1695,Nürnberg Hbf,München Hbf,2025-04-18 17:32:00,4,17,7
-1028270319216920413-2504181732,ICE 1695,Augsburg Hbf,München Hbf,2025-04-18 18:48:00,4,18,7
-1028270319216920413-2504191732,ICE 1695,Nürnberg Hbf,Augsburg Hbf,2025-04-19 17:32:00,5,17,0
-1028270319216920413-2504191732,ICE 1695,Nürnberg Hbf,München Hbf,2025-04-19 17:32:00,5,17,0
-1028270319216920413-2504191732,ICE 1695,Augsburg Hbf,München Hbf,2025-04-19 18:48:00,5,18,0
-1028270319216920413-2504201732,ICE 1695,Nürnberg Hbf,Augsburg Hbf,2025-04-20 17:32:00,6,17,0
-1028270319216920413-2504201732,ICE 1695,Nürnberg Hbf,München Hbf,2025-04-20 17:32:00,6,17,0
-1028270319216920413-2504201732,ICE 1695,Augsburg Hbf,München Hbf,2025-04-20 18:48:00,6,18,0
-1028270319216920413-2504211732,ICE 1695,Nürnberg Hbf,Augsburg Hbf,2025-04-21 17:32:00,0,17,0
-1028270319216920413-2504211732,ICE 1695,Nürnberg Hbf,München Hbf,2025-04-21 17:32:00,0,17,0
-1028270319216920413-2504211732,ICE 1695,Augsburg Hbf,München Hbf,2025-04-21 18:48:00,0,18,0
-1029224351861462659-2504180740,ICE 2570,Frankfurt(Main)Hbf,Kassel-Wilhelmshöhe,2025-04-18 07:40:00,4,7,14
-1029224351861462659-2504180740,ICE 2570,Frankfurt(Main)Hbf,Göttingen,2025-04-18 07:40:00,4,7,13
-1029224351861462659-2504180740,ICE 2570,Frankfurt(Main)Hbf,Hildesheim Hbf,2025-04-18 07:40:00,4,7,12
-1029224351861462659-2504180740,ICE 2570,Frankfurt(Main)Hbf,Braunschweig Hbf,2025-04-18 07:40:00,4,7,10
-1029224351861462659-2504180740,ICE 2570,Frankfurt(Main)Hbf,Wolfsburg Hbf,2025-04-18 07:40:00,4,7,9
-1029224351861462659-2504180740,ICE 2570,Frankfurt(Main)Hbf,Berlin-Spandau,2025-04-18 07:40:00,4,7,19
-1029224351861462659-2504180740,ICE 2570,Frankfurt(Main)Hbf,Berlin Hbf,2025-04-18 07:40:00,4,7,18
-1029224351861462659-2504180740,ICE 2570,Frankfurt(Main)Hbf,Berlin Südkreuz,2025-04-18 07:40:00,4,7,16
-1029224351861462659-2504180740,ICE 2570,Kassel-Wilhelmshöhe,Göttingen,2025-04-18 09:49:00,4,9,13
-1029224351861462659-2504180740,ICE 2570,Kassel-Wilhelmshöhe,Hildesheim Hbf,2025-04-18 09:49:00,4,9,12
-1029224351861462659-2504180740,ICE 2570,Kassel-Wilhelmshöhe,Braunschweig Hbf,2025-04-18 09:49:00,4,9,10
-1029224351861462659-2504180740,ICE 2570,Kassel-Wilhelmshöhe,Wolfsburg Hbf,2025-04-18 09:49:00,4,9,9
-1029224351861462659-2504180740,ICE 2570,Kassel-Wilhelmshöhe,Berlin-Spandau,2025-04-18 09:49:00,4,9,19
-1029224351861462659-2504180740,ICE 2570,Kassel-Wilhelmshöhe,Berlin Hbf,2025-04-18 09:49:00,4,9,18
-1029224351861462659-2504180740,ICE 2570,Kassel-Wilhelmshöhe,Berlin Südkreuz,2025-04-18 09:49:00,4,9,16
-1029224351861462659-2504180740,ICE 2570,Göttingen,Hildesheim Hbf,2025-04-18 10:09:00,4,10,12
-1029224351861462659-2504180740,ICE 2570,Göttingen,Braunschweig Hbf,2025-04-18 10:09:00,4,10,10
-1029224351861462659-2504180740,ICE 2570,Göttingen,Wolfsburg Hbf,2025-04-18 10:09:00,4,10,9
-1029224351861462659-2504180740,ICE 2570,Göttingen,Berlin-Spandau,2025-04-18 10:09:00,4,10,19
-1029224351861462659-2504180740,ICE 2570,Göttingen,Berlin Hbf,2025-04-18 10:09:00,4,10,18
-1029224351861462659-2504180740,ICE 2570,Göttingen,Berlin Südkreuz,2025-04-18 10:09:00,4,10,16
-1029224351861462659-2504180740,ICE 2570,Hildesheim Hbf,Braunschweig Hbf,2025-04-18 10:37:00,4,10,10
-1029224351861462659-2504180740,ICE 2570,Hildesheim Hbf,Wolfsburg Hbf,2025-04-18 10:37:00,4,10,9
-1029224351861462659-2504180740,ICE 2570,Hildesheim Hbf,Berlin-Spandau,2025-04-18 10:37:00,4,10,19
-1029224351861462659-2504180740,ICE 2570,Hildesheim Hbf,Berlin Hbf,2025-04-18 10:37:00,4,10,18
-1029224351861462659-2504180740,ICE 2570,Hildesheim Hbf,Berlin Südkreuz,2025-04-18 10:37:00,4,10,16
-1029224351861462659-2504180740,ICE 2570,Braunschweig Hbf,Wolfsburg Hbf,2025-04-18 11:03:00,4,11,9
-1029224351861462659-2504180740,ICE 2570,Braunschweig Hbf,Berlin-Spandau,2025-04-18 11:03:00,4,11,19
-1029224351861462659-2504180740,ICE 2570,Braunschweig Hbf,Berlin Hbf,2025-04-18 11:03:00,4,11,18
-1029224351861462659-2504180740,ICE 2570,Braunschweig Hbf,Berlin Südkreuz,2025-04-18 11:03:00,4,11,16
-1029224351861462659-2504180740,ICE 2570,Wolfsburg Hbf,Berlin-Spandau,2025-04-18 11:20:00,4,11,19
-1029224351861462659-2504180740,ICE 2570,Wolfsburg Hbf,Berlin Hbf,2025-04-18 11:20:00,4,11,18
-1029224351861462659-2504180740,ICE 2570,Wolfsburg Hbf,Berlin Südkreuz,2025-04-18 11:20:00,4,11,16
-1029224351861462659-2504180740,ICE 2570,Berlin-Spandau,Berlin Hbf,2025-04-18 12:24:00,4,12,18
-1029224351861462659-2504180740,ICE 2570,Berlin-Spandau,Berlin Südkreuz,2025-04-18 12:24:00,4,12,16
-1029224351861462659-2504180740,ICE 2570,Berlin Hbf,Berlin Südkreuz,2025-04-18 12:37:00,4,12,16
-1029224351861462659-2504190740,ICE 2570,Frankfurt(Main)Hbf,Kassel-Wilhelmshöhe,2025-04-19 07:40:00,5,7,7
-1029224351861462659-2504190740,ICE 2570,Frankfurt(Main)Hbf,Göttingen,2025-04-19 07:40:00,5,7,7
-1029224351861462659-2504190740,ICE 2570,Frankfurt(Main)Hbf,Hildesheim Hbf,2025-04-19 07:40:00,5,7,8
-1029224351861462659-2504190740,ICE 2570,Frankfurt(Main)Hbf,Braunschweig Hbf,2025-04-19 07:40:00,5,7,6
-1029224351861462659-2504190740,ICE 2570,Frankfurt(Main)Hbf,Wolfsburg Hbf,2025-04-19 07:40:00,5,7,8
-1029224351861462659-2504190740,ICE 2570,Frankfurt(Main)Hbf,Berlin-Spandau,2025-04-19 07:40:00,5,7,6
-1029224351861462659-2504190740,ICE 2570,Frankfurt(Main)Hbf,Berlin Hbf,2025-04-19 07:40:00,5,7,8
-1029224351861462659-2504190740,ICE 2570,Frankfurt(Main)Hbf,Berlin Ostbahnhof,2025-04-19 07:40:00,5,7,15
-1029224351861462659-2504190740,ICE 2570,Kassel-Wilhelmshöhe,Göttingen,2025-04-19 09:49:00,5,9,7
-1029224351861462659-2504190740,ICE 2570,Kassel-Wilhelmshöhe,Hildesheim Hbf,2025-04-19 09:49:00,5,9,8
-1029224351861462659-2504190740,ICE 2570,Kassel-Wilhelmshöhe,Braunschweig Hbf,2025-04-19 09:49:00,5,9,6
-1029224351861462659-2504190740,ICE 2570,Kassel-Wilhelmshöhe,Wolfsburg Hbf,2025-04-19 09:49:00,5,9,8
-1029224351861462659-2504190740,ICE 2570,Kassel-Wilhelmshöhe,Berlin-Spandau,2025-04-19 09:49:00,5,9,6
-1029224351861462659-2504190740,ICE 2570,Kassel-Wilhelmshöhe,Berlin Hbf,2025-04-19 09:49:00,5,9,8
-1029224351861462659-2504190740,ICE 2570,Kassel-Wilhelmshöhe,Berlin Ostbahnhof,2025-04-19 09:49:00,5,9,15
-1029224351861462659-2504190740,ICE 2570,Göttingen,Hildesheim Hbf,2025-04-19 10:09:00,5,10,8
-1029224351861462659-2504190740,ICE 2570,Göttingen,Braunschweig Hbf,2025-04-19 10:09:00,5,10,6
-1029224351861462659-2504190740,ICE 2570,Göttingen,Wolfsburg Hbf,2025-04-19 10:09:00,5,10,8
-1029224351861462659-2504190740,ICE 2570,Göttingen,Berlin-Spandau,2025-04-19 10:09:00,5,10,6
-1029224351861462659-2504190740,ICE 2570,Göttingen,Berlin Hbf,2025-04-19 10:09:00,5,10,8
-1029224351861462659-2504190740,ICE 2570,Göttingen,Berlin Ostbahnhof,2025-04-19 10:09:00,5,10,15
-1029224351861462659-2504190740,ICE 2570,Hildesheim Hbf,Braunschweig Hbf,2025-04-19 10:37:00,5,10,6
-1029224351861462659-2504190740,ICE 2570,Hildesheim Hbf,Wolfsburg Hbf,2025-04-19 10:37:00,5,10,8
-1029224351861462659-2504190740,ICE 2570,Hildesheim Hbf,Berlin-Spandau,2025-04-19 10:37:00,5,10,6
-1029224351861462659-2504190740,ICE 2570,Hildesheim Hbf,Berlin Hbf,2025-04-19 10:37:00,5,10,8
-1029224351861462659-2504190740,ICE 2570,Hildesheim Hbf,Berlin Ostbahnhof,2025-04-19 10:37:00,5,10,15
-1029224351861462659-2504190740,ICE 2570,Braunschweig Hbf,Wolfsburg Hbf,2025-04-19 11:03:00,5,11,8
-1029224351861462659-2504190740,ICE 2570,Braunschweig Hbf,Berlin-Spandau,2025-04-19 11:03:00,5,11,6
-1029224351861462659-2504190740,ICE 2570,Braunschweig Hbf,Berlin Hbf,2025-04-19 11:03:00,5,11,8
-1029224351861462659-2504190740,ICE 2570,Braunschweig Hbf,Berlin Ostbahnhof,2025-04-19 11:03:00,5,11,15
-1029224351861462659-2504190740,ICE 2570,Wolfsburg Hbf,Berlin-Spandau,2025-04-19 11:20:00,5,11,6
-1029224351861462659-2504190740,ICE 2570,Wolfsburg Hbf,Berlin Hbf,2025-04-19 11:20:00,5,11,8
-1029224351861462659-2504190740,ICE 2570,Wolfsburg Hbf,Berlin Ostbahnhof,2025-04-19 11:20:00,5,11,15
-1029224351861462659-2504190740,ICE 2570,Berlin-Spandau,Berlin Hbf,2025-04-19 12:18:00,5,12,8
-1029224351861462659-2504190740,ICE 2570,Berlin-Spandau,Berlin Ostbahnhof,2025-04-19 12:18:00,5,12,15
-1029224351861462659-2504190740,ICE 2570,Berlin Hbf,Berlin Ostbahnhof,2025-04-19 12:36:00,5,12,15
-1029224351861462659-2504200740,ICE 2570,Frankfurt(Main)Hbf,Kassel-Wilhelmshöhe,2025-04-20 07:40:00,6,7,0
-1029224351861462659-2504200740,ICE 2570,Frankfurt(Main)Hbf,Göttingen,2025-04-20 07:40:00,6,7,1
-1029224351861462659-2504200740,ICE 2570,Frankfurt(Main)Hbf,Hildesheim Hbf,2025-04-20 07:40:00,6,7,0
-1029224351861462659-2504200740,ICE 2570,Frankfurt(Main)Hbf,Braunschweig Hbf,2025-04-20 07:40:00,6,7,0
-1029224351861462659-2504200740,ICE 2570,Frankfurt(Main)Hbf,Wolfsburg Hbf,2025-04-20 07:40:00,6,7,0
-1029224351861462659-2504200740,ICE 2570,Frankfurt(Main)Hbf,Berlin-Spandau,2025-04-20 07:40:00,6,7,3
-1029224351861462659-2504200740,ICE 2570,Frankfurt(Main)Hbf,Berlin Hbf,2025-04-20 07:40:00,6,7,0
-1029224351861462659-2504200740,ICE 2570,Frankfurt(Main)Hbf,Berlin Ostbahnhof,2025-04-20 07:40:00,6,7,-1
-1029224351861462659-2504200740,ICE 2570,Kassel-Wilhelmshöhe,Göttingen,2025-04-20 09:49:00,6,9,1
-1029224351861462659-2504200740,ICE 2570,Kassel-Wilhelmshöhe,Hildesheim Hbf,2025-04-20 09:49:00,6,9,0
-1029224351861462659-2504200740,ICE 2570,Kassel-Wilhelmshöhe,Braunschweig Hbf,2025-04-20 09:49:00,6,9,0
-1029224351861462659-2504200740,ICE 2570,Kassel-Wilhelmshöhe,Wolfsburg Hbf,2025-04-20 09:49:00,6,9,0
-1029224351861462659-2504200740,ICE 2570,Kassel-Wilhelmshöhe,Berlin-Spandau,2025-04-20 09:49:00,6,9,3
-1029224351861462659-2504200740,ICE 2570,Kassel-Wilhelmshöhe,Berlin Hbf,2025-04-20 09:49:00,6,9,0
-1029224351861462659-2504200740,ICE 2570,Kassel-Wilhelmshöhe,Berlin Ostbahnhof,2025-04-20 09:49:00,6,9,-1
-1029224351861462659-2504200740,ICE 2570,Göttingen,Hildesheim Hbf,2025-04-20 10:09:00,6,10,0
-1029224351861462659-2504200740,ICE 2570,Göttingen,Braunschweig Hbf,2025-04-20 10:09:00,6,10,0
-1029224351861462659-2504200740,ICE 2570,Göttingen,Wolfsburg Hbf,2025-04-20 10:09:00,6,10,0
-1029224351861462659-2504200740,ICE 2570,Göttingen,Berlin-Spandau,2025-04-20 10:09:00,6,10,3
-1029224351861462659-2504200740,ICE 2570,Göttingen,Berlin Hbf,2025-04-20 10:09:00,6,10,0
-1029224351861462659-2504200740,ICE 2570,Göttingen,Berlin Ostbahnhof,2025-04-20 10:09:00,6,10,-1
-1029224351861462659-2504200740,ICE 2570,Hildesheim Hbf,Braunschweig Hbf,2025-04-20 10:37:00,6,10,0
-1029224351861462659-2504200740,ICE 2570,Hildesheim Hbf,Wolfsburg Hbf,2025-04-20 10:37:00,6,10,0
-1029224351861462659-2504200740,ICE 2570,Hildesheim Hbf,Berlin-Spandau,2025-04-20 10:37:00,6,10,3
-1029224351861462659-2504200740,ICE 2570,Hildesheim Hbf,Berlin Hbf,2025-04-20 10:37:00,6,10,0
-1029224351861462659-2504200740,ICE 2570,Hildesheim Hbf,Berlin Ostbahnhof,2025-04-20 10:37:00,6,10,-1
-1029224351861462659-2504200740,ICE 2570,Braunschweig Hbf,Wolfsburg Hbf,2025-04-20 11:03:00,6,11,0
-1029224351861462659-2504200740,ICE 2570,Braunschweig Hbf,Berlin-Spandau,2025-04-20 11:03:00,6,11,3
-1029224351861462659-2504200740,ICE 2570,Braunschweig Hbf,Berlin Hbf,2025-04-20 11:03:00,6,11,0
-1029224351861462659-2504200740,ICE 2570,Braunschweig Hbf,Berlin Ostbahnhof,2025-04-20 11:03:00,6,11,-1
-1029224351861462659-2504200740,ICE 2570,Wolfsburg Hbf,Berlin-Spandau,2025-04-20 11:20:00,6,11,3
-1029224351861462659-2504200740,ICE 2570,Wolfsburg Hbf,Berlin Hbf,2025-04-20 11:20:00,6,11,0
-1029224351861462659-2504200740,ICE 2570,Wolfsburg Hbf,Berlin Ostbahnhof,2025-04-20 11:20:00,6,11,-1
-1029224351861462659-2504200740,ICE 2570,Berlin-Spandau,Berlin Hbf,2025-04-20 12:18:00,6,12,0
-1029224351861462659-2504200740,ICE 2570,Berlin-Spandau,Berlin Ostbahnhof,2025-04-20 12:18:00,6,12,-1
-1029224351861462659-2504200740,ICE 2570,Berlin Hbf,Berlin Ostbahnhof,2025-04-20 12:36:00,6,12,-1
-1029224351861462659-2504210740,ICE 2570,Frankfurt(Main)Hbf,Kassel-Wilhelmshöhe,2025-04-21 07:40:00,0,7,1
-1029224351861462659-2504210740,ICE 2570,Frankfurt(Main)Hbf,Göttingen,2025-04-21 07:40:00,0,7,1
-1029224351861462659-2504210740,ICE 2570,Frankfurt(Main)Hbf,Hildesheim Hbf,2025-04-21 07:40:00,0,7,1
-1029224351861462659-2504210740,ICE 2570,Frankfurt(Main)Hbf,Braunschweig Hbf,2025-04-21 07:40:00,0,7,0
-1029224351861462659-2504210740,ICE 2570,Frankfurt(Main)Hbf,Wolfsburg Hbf,2025-04-21 07:40:00,0,7,1
-1029224351861462659-2504210740,ICE 2570,Frankfurt(Main)Hbf,Berlin-Spandau,2025-04-21 07:40:00,0,7,-3
-1029224351861462659-2504210740,ICE 2570,Frankfurt(Main)Hbf,Berlin Hbf,2025-04-21 07:40:00,0,7,-3
-1029224351861462659-2504210740,ICE 2570,Frankfurt(Main)Hbf,Berlin Ostbahnhof,2025-04-21 07:40:00,0,7,1
-1029224351861462659-2504210740,ICE 2570,Kassel-Wilhelmshöhe,Göttingen,2025-04-21 09:49:00,0,9,1
-1029224351861462659-2504210740,ICE 2570,Kassel-Wilhelmshöhe,Hildesheim Hbf,2025-04-21 09:49:00,0,9,1
-1029224351861462659-2504210740,ICE 2570,Kassel-Wilhelmshöhe,Braunschweig Hbf,2025-04-21 09:49:00,0,9,0
-1029224351861462659-2504210740,ICE 2570,Kassel-Wilhelmshöhe,Wolfsburg Hbf,2025-04-21 09:49:00,0,9,1
-1029224351861462659-2504210740,ICE 2570,Kassel-Wilhelmshöhe,Berlin-Spandau,2025-04-21 09:49:00,0,9,-3
-1029224351861462659-2504210740,ICE 2570,Kassel-Wilhelmshöhe,Berlin Hbf,2025-04-21 09:49:00,0,9,-3
-1029224351861462659-2504210740,ICE 2570,Kassel-Wilhelmshöhe,Berlin Ostbahnhof,2025-04-21 09:49:00,0,9,1
-1029224351861462659-2504210740,ICE 2570,Göttingen,Hildesheim Hbf,2025-04-21 10:09:00,0,10,1
-1029224351861462659-2504210740,ICE 2570,Göttingen,Braunschweig Hbf,2025-04-21 10:09:00,0,10,0
-1029224351861462659-2504210740,ICE 2570,Göttingen,Wolfsburg Hbf,2025-04-21 10:09:00,0,10,1
-1029224351861462659-2504210740,ICE 2570,Göttingen,Berlin-Spandau,2025-04-21 10:09:00,0,10,-3
-1029224351861462659-2504210740,ICE 2570,Göttingen,Berlin Hbf,2025-04-21 10:09:00,0,10,-3
-1029224351861462659-2504210740,ICE 2570,Göttingen,Berlin Ostbahnhof,2025-04-21 10:09:00,0,10,1
-1029224351861462659-2504210740,ICE 2570,Hildesheim Hbf,Braunschweig Hbf,2025-04-21 10:37:00,0,10,0
-1029224351861462659-2504210740,ICE 2570,Hildesheim Hbf,Wolfsburg Hbf,2025-04-21 10:37:00,0,10,1
-1029224351861462659-2504210740,ICE 2570,Hildesheim Hbf,Berlin-Spandau,2025-04-21 10:37:00,0,10,-3
-1029224351861462659-2504210740,ICE 2570,Hildesheim Hbf,Berlin Hbf,2025-04-21 10:37:00,0,10,-3
-1029224351861462659-2504210740,ICE 2570,Hildesheim Hbf,Berlin Ostbahnhof,2025-04-21 10:37:00,0,10,1
-1029224351861462659-2504210740,ICE 2570,Braunschweig Hbf,Wolfsburg Hbf,2025-04-21 11:03:00,0,11,1
-1029224351861462659-2504210740,ICE 2570,Braunschweig Hbf,Berlin-Spandau,2025-04-21 11:03:00,0,11,-3
-1029224351861462659-2504210740,ICE 2570,Braunschweig Hbf,Berlin Hbf,2025-04-21 11:03:00,0,11,-3
-1029224351861462659-2504210740,ICE 2570,Braunschweig Hbf,Berlin Ostbahnhof,2025-04-21 11:03:00,0,11,1
-1029224351861462659-2504210740,ICE 2570,Wolfsburg Hbf,Berlin-Spandau,2025-04-21 11:20:00,0,11,-3
-1029224351861462659-2504210740,ICE 2570,Wolfsburg Hbf,Berlin Hbf,2025-04-21 11:20:00,0,11,-3
-1029224351861462659-2504210740,ICE 2570,Wolfsburg Hbf,Berlin Ostbahnhof,2025-04-21 11:20:00,0,11,1
-1029224351861462659-2504210740,ICE 2570,Berlin-Spandau,Berlin Hbf,2025-04-21 12:18:00,0,12,-3
-1029224351861462659-2504210740,ICE 2570,Berlin-Spandau,Berlin Ostbahnhof,2025-04-21 12:18:00,0,12,1
-1029224351861462659-2504210740,ICE 2570,Berlin Hbf,Berlin Ostbahnhof,2025-04-21 12:36:00,0,12,1
-1029224351861462659-2504220740,ICE 2570,Frankfurt(Main)Hbf,Kassel-Wilhelmshöhe,2025-04-22 07:40:00,1,7,0
-1029224351861462659-2504220740,ICE 2570,Frankfurt(Main)Hbf,Göttingen,2025-04-22 07:40:00,1,7,13
-1029224351861462659-2504220740,ICE 2570,Frankfurt(Main)Hbf,Hildesheim Hbf,2025-04-22 07:40:00,1,7,12
-1029224351861462659-2504220740,ICE 2570,Frankfurt(Main)Hbf,Braunschweig Hbf,2025-04-22 07:40:00,1,7,13
-1029224351861462659-2504220740,ICE 2570,Frankfurt(Main)Hbf,Wolfsburg Hbf,2025-04-22 07:40:00,1,7,14
-1029224351861462659-2504220740,ICE 2570,Frankfurt(Main)Hbf,Berlin-Spandau,2025-04-22 07:40:00,1,7,5
-1029224351861462659-2504220740,ICE 2570,Frankfurt(Main)Hbf,Berlin Hbf,2025-04-22 07:40:00,1,7,10
-1029224351861462659-2504220740,ICE 2570,Frankfurt(Main)Hbf,Berlin Südkreuz,2025-04-22 07:40:00,1,7,12
-1029224351861462659-2504220740,ICE 2570,Kassel-Wilhelmshöhe,Göttingen,2025-04-22 09:49:00,1,9,13
-1029224351861462659-2504220740,ICE 2570,Kassel-Wilhelmshöhe,Hildesheim Hbf,2025-04-22 09:49:00,1,9,12
-1029224351861462659-2504220740,ICE 2570,Kassel-Wilhelmshöhe,Braunschweig Hbf,2025-04-22 09:49:00,1,9,13
-1029224351861462659-2504220740,ICE 2570,Kassel-Wilhelmshöhe,Wolfsburg Hbf,2025-04-22 09:49:00,1,9,14
-1029224351861462659-2504220740,ICE 2570,Kassel-Wilhelmshöhe,Berlin-Spandau,2025-04-22 09:49:00,1,9,5
-1029224351861462659-2504220740,ICE 2570,Kassel-Wilhelmshöhe,Berlin Hbf,2025-04-22 09:49:00,1,9,10
-1029224351861462659-2504220740,ICE 2570,Kassel-Wilhelmshöhe,Berlin Südkreuz,2025-04-22 09:49:00,1,9,12
-1029224351861462659-2504220740,ICE 2570,Göttingen,Hildesheim Hbf,2025-04-22 10:09:00,1,10,12
-1029224351861462659-2504220740,ICE 2570,Göttingen,Braunschweig Hbf,2025-04-22 10:09:00,1,10,13
-1029224351861462659-2504220740,ICE 2570,Göttingen,Wolfsburg Hbf,2025-04-22 10:09:00,1,10,14
-1029224351861462659-2504220740,ICE 2570,Göttingen,Berlin-Spandau,2025-04-22 10:09:00,1,10,5
-1029224351861462659-2504220740,ICE 2570,Göttingen,Berlin Hbf,2025-04-22 10:09:00,1,10,10
-1029224351861462659-2504220740,ICE 2570,Göttingen,Berlin Südkreuz,2025-04-22 10:09:00,1,10,12
-1029224351861462659-2504220740,ICE 2570,Hildesheim Hbf,Braunschweig Hbf,2025-04-22 10:37:00,1,10,13
-1029224351861462659-2504220740,ICE 2570,Hildesheim Hbf,Wolfsburg Hbf,2025-04-22 10:37:00,1,10,14
-1029224351861462659-2504220740,ICE 2570,Hildesheim Hbf,Berlin-Spandau,2025-04-22 10:37:00,1,10,5
-1029224351861462659-2504220740,ICE 2570,Hildesheim Hbf,Berlin Hbf,2025-04-22 10:37:00,1,10,10
-1029224351861462659-2504220740,ICE 2570,Hildesheim Hbf,Berlin Südkreuz,2025-04-22 10:37:00,1,10,12
-1029224351861462659-2504220740,ICE 2570,Braunschweig Hbf,Wolfsburg Hbf,2025-04-22 11:03:00,1,11,14
-1029224351861462659-2504220740,ICE 2570,Braunschweig Hbf,Berlin-Spandau,2025-04-22 11:03:00,1,11,5
-1029224351861462659-2504220740,ICE 2570,Braunschweig Hbf,Berlin Hbf,2025-04-22 11:03:00,1,11,10
-1029224351861462659-2504220740,ICE 2570,Braunschweig Hbf,Berlin Südkreuz,2025-04-22 11:03:00,1,11,12
-1029224351861462659-2504220740,ICE 2570,Wolfsburg Hbf,Berlin-Spandau,2025-04-22 11:20:00,1,11,5
-1029224351861462659-2504220740,ICE 2570,Wolfsburg Hbf,Berlin Hbf,2025-04-22 11:20:00,1,11,10
-1029224351861462659-2504220740,ICE 2570,Wolfsburg Hbf,Berlin Südkreuz,2025-04-22 11:20:00,1,11,12
-1029224351861462659-2504220740,ICE 2570,Berlin-Spandau,Berlin Hbf,2025-04-22 12:24:00,1,12,10
-1029224351861462659-2504220740,ICE 2570,Berlin-Spandau,Berlin Südkreuz,2025-04-22 12:24:00,1,12,12
-1029224351861462659-2504220740,ICE 2570,Berlin Hbf,Berlin Südkreuz,2025-04-22 12:37:00,1,12,12
-1029224351861462659-2504230740,ICE 2570,Frankfurt(Main)Hbf,Kassel-Wilhelmshöhe,2025-04-23 07:40:00,2,7,3
-1029224351861462659-2504230740,ICE 2570,Frankfurt(Main)Hbf,Göttingen,2025-04-23 07:40:00,2,7,2
-1029224351861462659-2504230740,ICE 2570,Frankfurt(Main)Hbf,Hildesheim Hbf,2025-04-23 07:40:00,2,7,4
-1029224351861462659-2504230740,ICE 2570,Frankfurt(Main)Hbf,Braunschweig Hbf,2025-04-23 07:40:00,2,7,1
-1029224351861462659-2504230740,ICE 2570,Frankfurt(Main)Hbf,Wolfsburg Hbf,2025-04-23 07:40:00,2,7,1
-1029224351861462659-2504230740,ICE 2570,Frankfurt(Main)Hbf,Berlin-Spandau,2025-04-23 07:40:00,2,7,0
-1029224351861462659-2504230740,ICE 2570,Frankfurt(Main)Hbf,Berlin Hbf,2025-04-23 07:40:00,2,7,1
-1029224351861462659-2504230740,ICE 2570,Frankfurt(Main)Hbf,Berlin Südkreuz,2025-04-23 07:40:00,2,7,-1
-1029224351861462659-2504230740,ICE 2570,Kassel-Wilhelmshöhe,Göttingen,2025-04-23 09:49:00,2,9,2
-1029224351861462659-2504230740,ICE 2570,Kassel-Wilhelmshöhe,Hildesheim Hbf,2025-04-23 09:49:00,2,9,4
-1029224351861462659-2504230740,ICE 2570,Kassel-Wilhelmshöhe,Braunschweig Hbf,2025-04-23 09:49:00,2,9,1
-1029224351861462659-2504230740,ICE 2570,Kassel-Wilhelmshöhe,Wolfsburg Hbf,2025-04-23 09:49:00,2,9,1
-1029224351861462659-2504230740,ICE 2570,Kassel-Wilhelmshöhe,Berlin-Spandau,2025-04-23 09:49:00,2,9,0
-1029224351861462659-2504230740,ICE 2570,Kassel-Wilhelmshöhe,Berlin Hbf,2025-04-23 09:49:00,2,9,1
-1029224351861462659-2504230740,ICE 2570,Kassel-Wilhelmshöhe,Berlin Südkreuz,2025-04-23 09:49:00,2,9,-1
-1029224351861462659-2504230740,ICE 2570,Göttingen,Hildesheim Hbf,2025-04-23 10:09:00,2,10,4
-1029224351861462659-2504230740,ICE 2570,Göttingen,Braunschweig Hbf,2025-04-23 10:09:00,2,10,1
-1029224351861462659-2504230740,ICE 2570,Göttingen,Wolfsburg Hbf,2025-04-23 10:09:00,2,10,1
-1029224351861462659-2504230740,ICE 2570,Göttingen,Berlin-Spandau,2025-04-23 10:09:00,2,10,0
-1029224351861462659-2504230740,ICE 2570,Göttingen,Berlin Hbf,2025-04-23 10:09:00,2,10,1
-1029224351861462659-2504230740,ICE 2570,Göttingen,Berlin Südkreuz,2025-04-23 10:09:00,2,10,-1
-1029224351861462659-2504230740,ICE 2570,Hildesheim Hbf,Braunschweig Hbf,2025-04-23 10:37:00,2,10,1
-1029224351861462659-2504230740,ICE 2570,Hildesheim Hbf,Wolfsburg Hbf,2025-04-23 10:37:00,2,10,1
-1029224351861462659-2504230740,ICE 2570,Hildesheim Hbf,Berlin-Spandau,2025-04-23 10:37:00,2,10,0
-1029224351861462659-2504230740,ICE 2570,Hildesheim Hbf,Berlin Hbf,2025-04-23 10:37:00,2,10,1
-1029224351861462659-2504230740,ICE 2570,Hildesheim Hbf,Berlin Südkreuz,2025-04-23 10:37:00,2,10,-1
-1029224351861462659-2504230740,ICE 2570,Braunschweig Hbf,Wolfsburg Hbf,2025-04-23 11:03:00,2,11,1
-1029224351861462659-2504230740,ICE 2570,Braunschweig Hbf,Berlin-Spandau,2025-04-23 11:03:00,2,11,0
-1029224351861462659-2504230740,ICE 2570,Braunschweig Hbf,Berlin Hbf,2025-04-23 11:03:00,2,11,1
-1029224351861462659-2504230740,ICE 2570,Braunschweig Hbf,Berlin Südkreuz,2025-04-23 11:03:00,2,11,-1
-1029224351861462659-2504230740,ICE 2570,Wolfsburg Hbf,Berlin-Spandau,2025-04-23 11:20:00,2,11,0
-1029224351861462659-2504230740,ICE 2570,Wolfsburg Hbf,Berlin Hbf,2025-04-23 11:20:00,2,11,1
-1029224351861462659-2504230740,ICE 2570,Wolfsburg Hbf,Berlin Südkreuz,2025-04-23 11:20:00,2,11,-1
-1029224351861462659-2504230740,ICE 2570,Berlin-Spandau,Berlin Hbf,2025-04-23 12:24:00,2,12,1
-1029224351861462659-2504230740,ICE 2570,Berlin-Spandau,Berlin Südkreuz,2025-04-23 12:24:00,2,12,-1
-1029224351861462659-2504230740,ICE 2570,Berlin Hbf,Berlin Südkreuz,2025-04-23 12:37:00,2,12,-1
-1029224351861462659-2504240740,ICE 2570,Frankfurt(Main)Hbf,Kassel-Wilhelmshöhe,2025-04-24 07:40:00,3,7,0
-1029224351861462659-2504240740,ICE 2570,Frankfurt(Main)Hbf,Göttingen,2025-04-24 07:40:00,3,7,0
-1029224351861462659-2504240740,ICE 2570,Frankfurt(Main)Hbf,Hildesheim Hbf,2025-04-24 07:40:00,3,7,0
-1029224351861462659-2504240740,ICE 2570,Frankfurt(Main)Hbf,Braunschweig Hbf,2025-04-24 07:40:00,3,7,0
-1029224351861462659-2504240740,ICE 2570,Frankfurt(Main)Hbf,Wolfsburg Hbf,2025-04-24 07:40:00,3,7,2
-1029224351861462659-2504240740,ICE 2570,Frankfurt(Main)Hbf,Berlin-Spandau,2025-04-24 07:40:00,3,7,0
-1029224351861462659-2504240740,ICE 2570,Frankfurt(Main)Hbf,Berlin Hbf,2025-04-24 07:40:00,3,7,0
-1029224351861462659-2504240740,ICE 2570,Frankfurt(Main)Hbf,Berlin Südkreuz,2025-04-24 07:40:00,3,7,-1
-1029224351861462659-2504240740,ICE 2570,Kassel-Wilhelmshöhe,Göttingen,2025-04-24 09:49:00,3,9,0
-1029224351861462659-2504240740,ICE 2570,Kassel-Wilhelmshöhe,Hildesheim Hbf,2025-04-24 09:49:00,3,9,0
-1029224351861462659-2504240740,ICE 2570,Kassel-Wilhelmshöhe,Braunschweig Hbf,2025-04-24 09:49:00,3,9,0
-1029224351861462659-2504240740,ICE 2570,Kassel-Wilhelmshöhe,Wolfsburg Hbf,2025-04-24 09:49:00,3,9,2
-1029224351861462659-2504240740,ICE 2570,Kassel-Wilhelmshöhe,Berlin-Spandau,2025-04-24 09:49:00,3,9,0
-1029224351861462659-2504240740,ICE 2570,Kassel-Wilhelmshöhe,Berlin Hbf,2025-04-24 09:49:00,3,9,0
-1029224351861462659-2504240740,ICE 2570,Kassel-Wilhelmshöhe,Berlin Südkreuz,2025-04-24 09:49:00,3,9,-1
-1029224351861462659-2504240740,ICE 2570,Göttingen,Hildesheim Hbf,2025-04-24 10:09:00,3,10,0
-1029224351861462659-2504240740,ICE 2570,Göttingen,Braunschweig Hbf,2025-04-24 10:09:00,3,10,0
-1029224351861462659-2504240740,ICE 2570,Göttingen,Wolfsburg Hbf,2025-04-24 10:09:00,3,10,2
-1029224351861462659-2504240740,ICE 2570,Göttingen,Berlin-Spandau,2025-04-24 10:09:00,3,10,0
-1029224351861462659-2504240740,ICE 2570,Göttingen,Berlin Hbf,2025-04-24 10:09:00,3,10,0
-1029224351861462659-2504240740,ICE 2570,Göttingen,Berlin Südkreuz,2025-04-24 10:09:00,3,10,-1
-1029224351861462659-2504240740,ICE 2570,Hildesheim Hbf,Braunschweig Hbf,2025-04-24 10:37:00,3,10,0
-1029224351861462659-2504240740,ICE 2570,Hildesheim Hbf,Wolfsburg Hbf,2025-04-24 10:37:00,3,10,2
-1029224351861462659-2504240740,ICE 2570,Hildesheim Hbf,Berlin-Spandau,2025-04-24 10:37:00,3,10,0
-1029224351861462659-2504240740,ICE 2570,Hildesheim Hbf,Berlin Hbf,2025-04-24 10:37:00,3,10,0
-1029224351861462659-2504240740,ICE 2570,Hildesheim Hbf,Berlin Südkreuz,2025-04-24 10:37:00,3,10,-1
-1029224351861462659-2504240740,ICE 2570,Braunschweig Hbf,Wolfsburg Hbf,2025-04-24 11:03:00,3,11,2
-1029224351861462659-2504240740,ICE 2570,Braunschweig Hbf,Berlin-Spandau,2025-04-24 11:03:00,3,11,0
-1029224351861462659-2504240740,ICE 2570,Braunschweig Hbf,Berlin Hbf,2025-04-24 11:03:00,3,11,0
-1029224351861462659-2504240740,ICE 2570,Braunschweig Hbf,Berlin Südkreuz,2025-04-24 11:03:00,3,11,-1
-1029224351861462659-2504240740,ICE 2570,Wolfsburg Hbf,Berlin-Spandau,2025-04-24 11:20:00,3,11,0
-1029224351861462659-2504240740,ICE 2570,Wolfsburg Hbf,Berlin Hbf,2025-04-24 11:20:00,3,11,0
-1029224351861462659-2504240740,ICE 2570,Wolfsburg Hbf,Berlin Südkreuz,2025-04-24 11:20:00,3,11,-1
-1029224351861462659-2504240740,ICE 2570,Berlin-Spandau,Berlin Hbf,2025-04-24 12:24:00,3,12,0
-1029224351861462659-2504240740,ICE 2570,Berlin-Spandau,Berlin Südkreuz,2025-04-24 12:24:00,3,12,-1
-1029224351861462659-2504240740,ICE 2570,Berlin Hbf,Berlin Südkreuz,2025-04-24 12:37:00,3,12,-1
-1029224351861462659-2504250740,ICE 2570,Frankfurt(Main)Hbf,Kassel-Wilhelmshöhe,2025-04-25 07:40:00,4,7,7
-1029224351861462659-2504250740,ICE 2570,Frankfurt(Main)Hbf,Göttingen,2025-04-25 07:40:00,4,7,5
-1029224351861462659-2504250740,ICE 2570,Frankfurt(Main)Hbf,Hildesheim Hbf,2025-04-25 07:40:00,4,7,4
-1029224351861462659-2504250740,ICE 2570,Frankfurt(Main)Hbf,Braunschweig Hbf,2025-04-25 07:40:00,4,7,1
-1029224351861462659-2504250740,ICE 2570,Frankfurt(Main)Hbf,Wolfsburg Hbf,2025-04-25 07:40:00,4,7,2
-1029224351861462659-2504250740,ICE 2570,Frankfurt(Main)Hbf,Berlin-Spandau,2025-04-25 07:40:00,4,7,0
-1029224351861462659-2504250740,ICE 2570,Frankfurt(Main)Hbf,Berlin Hbf,2025-04-25 07:40:00,4,7,0
-1029224351861462659-2504250740,ICE 2570,Frankfurt(Main)Hbf,Berlin Südkreuz,2025-04-25 07:40:00,4,7,-1
-1029224351861462659-2504250740,ICE 2570,Kassel-Wilhelmshöhe,Göttingen,2025-04-25 09:49:00,4,9,5
-1029224351861462659-2504250740,ICE 2570,Kassel-Wilhelmshöhe,Hildesheim Hbf,2025-04-25 09:49:00,4,9,4
-1029224351861462659-2504250740,ICE 2570,Kassel-Wilhelmshöhe,Braunschweig Hbf,2025-04-25 09:49:00,4,9,1
-1029224351861462659-2504250740,ICE 2570,Kassel-Wilhelmshöhe,Wolfsburg Hbf,2025-04-25 09:49:00,4,9,2
-1029224351861462659-2504250740,ICE 2570,Kassel-Wilhelmshöhe,Berlin-Spandau,2025-04-25 09:49:00,4,9,0
-1029224351861462659-2504250740,ICE 2570,Kassel-Wilhelmshöhe,Berlin Hbf,2025-04-25 09:49:00,4,9,0
-1029224351861462659-2504250740,ICE 2570,Kassel-Wilhelmshöhe,Berlin Südkreuz,2025-04-25 09:49:00,4,9,-1
-1029224351861462659-2504250740,ICE 2570,Göttingen,Hildesheim Hbf,2025-04-25 10:09:00,4,10,4
-1029224351861462659-2504250740,ICE 2570,Göttingen,Braunschweig Hbf,2025-04-25 10:09:00,4,10,1
-1029224351861462659-2504250740,ICE 2570,Göttingen,Wolfsburg Hbf,2025-04-25 10:09:00,4,10,2
-1029224351861462659-2504250740,ICE 2570,Göttingen,Berlin-Spandau,2025-04-25 10:09:00,4,10,0
-1029224351861462659-2504250740,ICE 2570,Göttingen,Berlin Hbf,2025-04-25 10:09:00,4,10,0
-1029224351861462659-2504250740,ICE 2570,Göttingen,Berlin Südkreuz,2025-04-25 10:09:00,4,10,-1
-1029224351861462659-2504250740,ICE 2570,Hildesheim Hbf,Braunschweig Hbf,2025-04-25 10:37:00,4,10,1
-1029224351861462659-2504250740,ICE 2570,Hildesheim Hbf,Wolfsburg Hbf,2025-04-25 10:37:00,4,10,2
-1029224351861462659-2504250740,ICE 2570,Hildesheim Hbf,Berlin-Spandau,2025-04-25 10:37:00,4,10,0
-1029224351861462659-2504250740,ICE 2570,Hildesheim Hbf,Berlin Hbf,2025-04-25 10:37:00,4,10,0
-1029224351861462659-2504250740,ICE 2570,Hildesheim Hbf,Berlin Südkreuz,2025-04-25 10:37:00,4,10,-1
-1029224351861462659-2504250740,ICE 2570,Braunschweig Hbf,Wolfsburg Hbf,2025-04-25 11:03:00,4,11,2
-1029224351861462659-2504250740,ICE 2570,Braunschweig Hbf,Berlin-Spandau,2025-04-25 11:03:00,4,11,0
-1029224351861462659-2504250740,ICE 2570,Braunschweig Hbf,Berlin Hbf,2025-04-25 11:03:00,4,11,0
-1029224351861462659-2504250740,ICE 2570,Braunschweig Hbf,Berlin Südkreuz,2025-04-25 11:03:00,4,11,-1
-1029224351861462659-2504250740,ICE 2570,Wolfsburg Hbf,Berlin-Spandau,2025-04-25 11:20:00,4,11,0
-1029224351861462659-2504250740,ICE 2570,Wolfsburg Hbf,Berlin Hbf,2025-04-25 11:20:00,4,11,0
-1029224351861462659-2504250740,ICE 2570,Wolfsburg Hbf,Berlin Südkreuz,2025-04-25 11:20:00,4,11,-1
-1029224351861462659-2504250740,ICE 2570,Berlin-Spandau,Berlin Hbf,2025-04-25 12:24:00,4,12,0
-1029224351861462659-2504250740,ICE 2570,Berlin-Spandau,Berlin Südkreuz,2025-04-25 12:24:00,4,12,-1
-1029224351861462659-2504250740,ICE 2570,Berlin Hbf,Berlin Südkreuz,2025-04-25 12:37:00,4,12,-1
-1029224351861462659-2504260740,ICE 2570,Frankfurt(Main)Hbf,Kassel-Wilhelmshöhe,2025-04-26 07:40:00,5,7,0
-1029224351861462659-2504260740,ICE 2570,Frankfurt(Main)Hbf,Göttingen,2025-04-26 07:40:00,5,7,0
-1029224351861462659-2504260740,ICE 2570,Frankfurt(Main)Hbf,Hildesheim Hbf,2025-04-26 07:40:00,5,7,0
-1029224351861462659-2504260740,ICE 2570,Frankfurt(Main)Hbf,Braunschweig Hbf,2025-04-26 07:40:00,5,7,1
-1029224351861462659-2504260740,ICE 2570,Frankfurt(Main)Hbf,Wolfsburg Hbf,2025-04-26 07:40:00,5,7,0
-1029224351861462659-2504260740,ICE 2570,Frankfurt(Main)Hbf,Berlin-Spandau,2025-04-26 07:40:00,5,7,0
-1029224351861462659-2504260740,ICE 2570,Frankfurt(Main)Hbf,Berlin Hbf,2025-04-26 07:40:00,5,7,0
-1029224351861462659-2504260740,ICE 2570,Frankfurt(Main)Hbf,Berlin Südkreuz,2025-04-26 07:40:00,5,7,-1
-1029224351861462659-2504260740,ICE 2570,Kassel-Wilhelmshöhe,Göttingen,2025-04-26 09:49:00,5,9,0
-1029224351861462659-2504260740,ICE 2570,Kassel-Wilhelmshöhe,Hildesheim Hbf,2025-04-26 09:49:00,5,9,0
-1029224351861462659-2504260740,ICE 2570,Kassel-Wilhelmshöhe,Braunschweig Hbf,2025-04-26 09:49:00,5,9,1
-1029224351861462659-2504260740,ICE 2570,Kassel-Wilhelmshöhe,Wolfsburg Hbf,2025-04-26 09:49:00,5,9,0
-1029224351861462659-2504260740,ICE 2570,Kassel-Wilhelmshöhe,Berlin-Spandau,2025-04-26 09:49:00,5,9,0
-1029224351861462659-2504260740,ICE 2570,Kassel-Wilhelmshöhe,Berlin Hbf,2025-04-26 09:49:00,5,9,0
-1029224351861462659-2504260740,ICE 2570,Kassel-Wilhelmshöhe,Berlin Südkreuz,2025-04-26 09:49:00,5,9,-1
-1029224351861462659-2504260740,ICE 2570,Göttingen,Hildesheim Hbf,2025-04-26 10:09:00,5,10,0
-1029224351861462659-2504260740,ICE 2570,Göttingen,Braunschweig Hbf,2025-04-26 10:09:00,5,10,1
-1029224351861462659-2504260740,ICE 2570,Göttingen,Wolfsburg Hbf,2025-04-26 10:09:00,5,10,0
-1029224351861462659-2504260740,ICE 2570,Göttingen,Berlin-Spandau,2025-04-26 10:09:00,5,10,0
-1029224351861462659-2504260740,ICE 2570,Göttingen,Berlin Hbf,2025-04-26 10:09:00,5,10,0
-1029224351861462659-2504260740,ICE 2570,Göttingen,Berlin Südkreuz,2025-04-26 10:09:00,5,10,-1
-1029224351861462659-2504260740,ICE 2570,Hildesheim Hbf,Braunschweig Hbf,2025-04-26 10:37:00,5,10,1
-1029224351861462659-2504260740,ICE 2570,Hildesheim Hbf,Wolfsburg Hbf,2025-04-26 10:37:00,5,10,0
-1029224351861462659-2504260740,ICE 2570,Hildesheim Hbf,Berlin-Spandau,2025-04-26 10:37:00,5,10,0
-1029224351861462659-2504260740,ICE 2570,Hildesheim Hbf,Berlin Hbf,2025-04-26 10:37:00,5,10,0
-1029224351861462659-2504260740,ICE 2570,Hildesheim Hbf,Berlin Südkreuz,2025-04-26 10:37:00,5,10,-1
-1029224351861462659-2504260740,ICE 2570,Braunschweig Hbf,Wolfsburg Hbf,2025-04-26 11:03:00,5,11,0
-1029224351861462659-2504260740,ICE 2570,Braunschweig Hbf,Berlin-Spandau,2025-04-26 11:03:00,5,11,0
-1029224351861462659-2504260740,ICE 2570,Braunschweig Hbf,Berlin Hbf,2025-04-26 11:03:00,5,11,0
-1029224351861462659-2504260740,ICE 2570,Braunschweig Hbf,Berlin Südkreuz,2025-04-26 11:03:00,5,11,-1
-1029224351861462659-2504260740,ICE 2570,Wolfsburg Hbf,Berlin-Spandau,2025-04-26 11:20:00,5,11,0
-1029224351861462659-2504260740,ICE 2570,Wolfsburg Hbf,Berlin Hbf,2025-04-26 11:20:00,5,11,0
-1029224351861462659-2504260740,ICE 2570,Wolfsburg Hbf,Berlin Südkreuz,2025-04-26 11:20:00,5,11,-1
-1029224351861462659-2504260740,ICE 2570,Berlin-Spandau,Berlin Hbf,2025-04-26 12:24:00,5,12,0
-1029224351861462659-2504260740,ICE 2570,Berlin-Spandau,Berlin Südkreuz,2025-04-26 12:24:00,5,12,-1
-1029224351861462659-2504260740,ICE 2570,Berlin Hbf,Berlin Südkreuz,2025-04-26 12:37:00,5,12,-1
-1029224351861462659-2504270740,ICE 2570,Frankfurt(Main)Hbf,Kassel-Wilhelmshöhe,2025-04-27 07:40:00,6,7,0
-1029224351861462659-2504270740,ICE 2570,Frankfurt(Main)Hbf,Göttingen,2025-04-27 07:40:00,6,7,0
-1029224351861462659-2504270740,ICE 2570,Frankfurt(Main)Hbf,Hildesheim Hbf,2025-04-27 07:40:00,6,7,0
-1029224351861462659-2504270740,ICE 2570,Frankfurt(Main)Hbf,Braunschweig Hbf,2025-04-27 07:40:00,6,7,8
-1029224351861462659-2504270740,ICE 2570,Frankfurt(Main)Hbf,Wolfsburg Hbf,2025-04-27 07:40:00,6,7,13
-1029224351861462659-2504270740,ICE 2570,Frankfurt(Main)Hbf,Berlin-Spandau,2025-04-27 07:40:00,6,7,12
-1029224351861462659-2504270740,ICE 2570,Frankfurt(Main)Hbf,Berlin Hbf,2025-04-27 07:40:00,6,7,17
-1029224351861462659-2504270740,ICE 2570,Frankfurt(Main)Hbf,Berlin Südkreuz,2025-04-27 07:40:00,6,7,16
-1029224351861462659-2504270740,ICE 2570,Kassel-Wilhelmshöhe,Göttingen,2025-04-27 09:49:00,6,9,0
-1029224351861462659-2504270740,ICE 2570,Kassel-Wilhelmshöhe,Hildesheim Hbf,2025-04-27 09:49:00,6,9,0
-1029224351861462659-2504270740,ICE 2570,Kassel-Wilhelmshöhe,Braunschweig Hbf,2025-04-27 09:49:00,6,9,8
-1029224351861462659-2504270740,ICE 2570,Kassel-Wilhelmshöhe,Wolfsburg Hbf,2025-04-27 09:49:00,6,9,13
-1029224351861462659-2504270740,ICE 2570,Kassel-Wilhelmshöhe,Berlin-Spandau,2025-04-27 09:49:00,6,9,12
-1029224351861462659-2504270740,ICE 2570,Kassel-Wilhelmshöhe,Berlin Hbf,2025-04-27 09:49:00,6,9,17
-1029224351861462659-2504270740,ICE 2570,Kassel-Wilhelmshöhe,Berlin Südkreuz,2025-04-27 09:49:00,6,9,16
-1029224351861462659-2504270740,ICE 2570,Göttingen,Hildesheim Hbf,2025-04-27 10:09:00,6,10,0
-1029224351861462659-2504270740,ICE 2570,Göttingen,Braunschweig Hbf,2025-04-27 10:09:00,6,10,8
-1029224351861462659-2504270740,ICE 2570,Göttingen,Wolfsburg Hbf,2025-04-27 10:09:00,6,10,13
-1029224351861462659-2504270740,ICE 2570,Göttingen,Berlin-Spandau,2025-04-27 10:09:00,6,10,12
-1029224351861462659-2504270740,ICE 2570,Göttingen,Berlin Hbf,2025-04-27 10:09:00,6,10,17
-1029224351861462659-2504270740,ICE 2570,Göttingen,Berlin Südkreuz,2025-04-27 10:09:00,6,10,16
-1029224351861462659-2504270740,ICE 2570,Hildesheim Hbf,Braunschweig Hbf,2025-04-27 10:37:00,6,10,8
-1029224351861462659-2504270740,ICE 2570,Hildesheim Hbf,Wolfsburg Hbf,2025-04-27 10:37:00,6,10,13
-1029224351861462659-2504270740,ICE 2570,Hildesheim Hbf,Berlin-Spandau,2025-04-27 10:37:00,6,10,12
-1029224351861462659-2504270740,ICE 2570,Hildesheim Hbf,Berlin Hbf,2025-04-27 10:37:00,6,10,17
-1029224351861462659-2504270740,ICE 2570,Hildesheim Hbf,Berlin Südkreuz,2025-04-27 10:37:00,6,10,16
-1029224351861462659-2504270740,ICE 2570,Braunschweig Hbf,Wolfsburg Hbf,2025-04-27 11:03:00,6,11,13
-1029224351861462659-2504270740,ICE 2570,Braunschweig Hbf,Berlin-Spandau,2025-04-27 11:03:00,6,11,12
-1029224351861462659-2504270740,ICE 2570,Braunschweig Hbf,Berlin Hbf,2025-04-27 11:03:00,6,11,17
-1029224351861462659-2504270740,ICE 2570,Braunschweig Hbf,Berlin Südkreuz,2025-04-27 11:03:00,6,11,16
-1029224351861462659-2504270740,ICE 2570,Wolfsburg Hbf,Berlin-Spandau,2025-04-27 11:20:00,6,11,12
-1029224351861462659-2504270740,ICE 2570,Wolfsburg Hbf,Berlin Hbf,2025-04-27 11:20:00,6,11,17
-1029224351861462659-2504270740,ICE 2570,Wolfsburg Hbf,Berlin Südkreuz,2025-04-27 11:20:00,6,11,16
-1029224351861462659-2504270740,ICE 2570,Berlin-Spandau,Berlin Hbf,2025-04-27 12:24:00,6,12,17
-1029224351861462659-2504270740,ICE 2570,Berlin-Spandau,Berlin Südkreuz,2025-04-27 12:24:00,6,12,16
-1029224351861462659-2504270740,ICE 2570,Berlin Hbf,Berlin Südkreuz,2025-04-27 12:37:00,6,12,16
-1029224351861462659-2504280740,ICE 2570,Frankfurt(Main)Hbf,Kassel-Wilhelmshöhe,2025-04-28 07:40:00,0,7,57
-1029224351861462659-2504280740,ICE 2570,Frankfurt(Main)Hbf,Göttingen,2025-04-28 07:40:00,0,7,56
-1029224351861462659-2504280740,ICE 2570,Frankfurt(Main)Hbf,Hildesheim Hbf,2025-04-28 07:40:00,0,7,82
-1029224351861462659-2504280740,ICE 2570,Frankfurt(Main)Hbf,Braunschweig Hbf,2025-04-28 07:40:00,0,7,84
-1029224351861462659-2504280740,ICE 2570,Frankfurt(Main)Hbf,Wolfsburg Hbf,2025-04-28 07:40:00,0,7,83
-1029224351861462659-2504280740,ICE 2570,Frankfurt(Main)Hbf,Berlin-Spandau,2025-04-28 07:40:00,0,7,78
-1029224351861462659-2504280740,ICE 2570,Frankfurt(Main)Hbf,Berlin Hbf,2025-04-28 07:40:00,0,7,78
-1029224351861462659-2504280740,ICE 2570,Frankfurt(Main)Hbf,Berlin Südkreuz,2025-04-28 07:40:00,0,7,77
-1029224351861462659-2504280740,ICE 2570,Kassel-Wilhelmshöhe,Göttingen,2025-04-28 09:49:00,0,9,56
-1029224351861462659-2504280740,ICE 2570,Kassel-Wilhelmshöhe,Hildesheim Hbf,2025-04-28 09:49:00,0,9,82
-1029224351861462659-2504280740,ICE 2570,Kassel-Wilhelmshöhe,Braunschweig Hbf,2025-04-28 09:49:00,0,9,84
-1029224351861462659-2504280740,ICE 2570,Kassel-Wilhelmshöhe,Wolfsburg Hbf,2025-04-28 09:49:00,0,9,83
-1029224351861462659-2504280740,ICE 2570,Kassel-Wilhelmshöhe,Berlin-Spandau,2025-04-28 09:49:00,0,9,78
-1029224351861462659-2504280740,ICE 2570,Kassel-Wilhelmshöhe,Berlin Hbf,2025-04-28 09:49:00,0,9,78
-1029224351861462659-2504280740,ICE 2570,Kassel-Wilhelmshöhe,Berlin Südkreuz,2025-04-28 09:49:00,0,9,77
-1029224351861462659-2504280740,ICE 2570,Göttingen,Hildesheim Hbf,2025-04-28 10:09:00,0,10,82
-1029224351861462659-2504280740,ICE 2570,Göttingen,Braunschweig Hbf,2025-04-28 10:09:00,0,10,84
-1029224351861462659-2504280740,ICE 2570,Göttingen,Wolfsburg Hbf,2025-04-28 10:09:00,0,10,83
-1029224351861462659-2504280740,ICE 2570,Göttingen,Berlin-Spandau,2025-04-28 10:09:00,0,10,78
-1029224351861462659-2504280740,ICE 2570,Göttingen,Berlin Hbf,2025-04-28 10:09:00,0,10,78
-1029224351861462659-2504280740,ICE 2570,Göttingen,Berlin Südkreuz,2025-04-28 10:09:00,0,10,77
-1029224351861462659-2504280740,ICE 2570,Hildesheim Hbf,Braunschweig Hbf,2025-04-28 10:37:00,0,10,84
-1029224351861462659-2504280740,ICE 2570,Hildesheim Hbf,Wolfsburg Hbf,2025-04-28 10:37:00,0,10,83
-1029224351861462659-2504280740,ICE 2570,Hildesheim Hbf,Berlin-Spandau,2025-04-28 10:37:00,0,10,78
-1029224351861462659-2504280740,ICE 2570,Hildesheim Hbf,Berlin Hbf,2025-04-28 10:37:00,0,10,78
-1029224351861462659-2504280740,ICE 2570,Hildesheim Hbf,Berlin Südkreuz,2025-04-28 10:37:00,0,10,77
-1029224351861462659-2504280740,ICE 2570,Braunschweig Hbf,Wolfsburg Hbf,2025-04-28 11:03:00,0,11,83
-1029224351861462659-2504280740,ICE 2570,Braunschweig Hbf,Berlin-Spandau,2025-04-28 11:03:00,0,11,78
-1029224351861462659-2504280740,ICE 2570,Braunschweig Hbf,Berlin Hbf,2025-04-28 11:03:00,0,11,78
-1029224351861462659-2504280740,ICE 2570,Braunschweig Hbf,Berlin Südkreuz,2025-04-28 11:03:00,0,11,77
-1029224351861462659-2504280740,ICE 2570,Wolfsburg Hbf,Berlin-Spandau,2025-04-28 11:20:00,0,11,78
-1029224351861462659-2504280740,ICE 2570,Wolfsburg Hbf,Berlin Hbf,2025-04-28 11:20:00,0,11,78
-1029224351861462659-2504280740,ICE 2570,Wolfsburg Hbf,Berlin Südkreuz,2025-04-28 11:20:00,0,11,77
-1029224351861462659-2504280740,ICE 2570,Berlin-Spandau,Berlin Hbf,2025-04-28 12:24:00,0,12,78
-1029224351861462659-2504280740,ICE 2570,Berlin-Spandau,Berlin Südkreuz,2025-04-28 12:24:00,0,12,77
-1029224351861462659-2504280740,ICE 2570,Berlin Hbf,Berlin Südkreuz,2025-04-28 12:37:00,0,12,77
-1029224351861462659-2504290740,ICE 2570,Frankfurt(Main)Hbf,Kassel-Wilhelmshöhe,2025-04-29 07:40:00,1,7,1
-1029224351861462659-2504290740,ICE 2570,Frankfurt(Main)Hbf,Göttingen,2025-04-29 07:40:00,1,7,0
-1029224351861462659-2504290740,ICE 2570,Frankfurt(Main)Hbf,Hildesheim Hbf,2025-04-29 07:40:00,1,7,0
-1029224351861462659-2504290740,ICE 2570,Frankfurt(Main)Hbf,Braunschweig Hbf,2025-04-29 07:40:00,1,7,0
-1029224351861462659-2504290740,ICE 2570,Frankfurt(Main)Hbf,Wolfsburg Hbf,2025-04-29 07:40:00,1,7,3
-1029224351861462659-2504290740,ICE 2570,Frankfurt(Main)Hbf,Berlin-Spandau,2025-04-29 07:40:00,1,7,68
-1029224351861462659-2504290740,ICE 2570,Frankfurt(Main)Hbf,Berlin Hbf,2025-04-29 07:40:00,1,7,68
-1029224351861462659-2504290740,ICE 2570,Frankfurt(Main)Hbf,Berlin Südkreuz,2025-04-29 07:40:00,1,7,67
-1029224351861462659-2504290740,ICE 2570,Kassel-Wilhelmshöhe,Göttingen,2025-04-29 09:49:00,1,9,0
-1029224351861462659-2504290740,ICE 2570,Kassel-Wilhelmshöhe,Hildesheim Hbf,2025-04-29 09:49:00,1,9,0
-1029224351861462659-2504290740,ICE 2570,Kassel-Wilhelmshöhe,Braunschweig Hbf,2025-04-29 09:49:00,1,9,0
-1029224351861462659-2504290740,ICE 2570,Kassel-Wilhelmshöhe,Wolfsburg Hbf,2025-04-29 09:49:00,1,9,3
-1029224351861462659-2504290740,ICE 2570,Kassel-Wilhelmshöhe,Berlin-Spandau,2025-04-29 09:49:00,1,9,68
-1029224351861462659-2504290740,ICE 2570,Kassel-Wilhelmshöhe,Berlin Hbf,2025-04-29 09:49:00,1,9,68
-1029224351861462659-2504290740,ICE 2570,Kassel-Wilhelmshöhe,Berlin Südkreuz,2025-04-29 09:49:00,1,9,67
-1029224351861462659-2504290740,ICE 2570,Göttingen,Hildesheim Hbf,2025-04-29 10:09:00,1,10,0
-1029224351861462659-2504290740,ICE 2570,Göttingen,Braunschweig Hbf,2025-04-29 10:09:00,1,10,0
-1029224351861462659-2504290740,ICE 2570,Göttingen,Wolfsburg Hbf,2025-04-29 10:09:00,1,10,3
-1029224351861462659-2504290740,ICE 2570,Göttingen,Berlin-Spandau,2025-04-29 10:09:00,1,10,68
-1029224351861462659-2504290740,ICE 2570,Göttingen,Berlin Hbf,2025-04-29 10:09:00,1,10,68
-1029224351861462659-2504290740,ICE 2570,Göttingen,Berlin Südkreuz,2025-04-29 10:09:00,1,10,67
-1029224351861462659-2504290740,ICE 2570,Hildesheim Hbf,Braunschweig Hbf,2025-04-29 10:37:00,1,10,0
-1029224351861462659-2504290740,ICE 2570,Hildesheim Hbf,Wolfsburg Hbf,2025-04-29 10:37:00,1,10,3
-1029224351861462659-2504290740,ICE 2570,Hildesheim Hbf,Berlin-Spandau,2025-04-29 10:37:00,1,10,68
-1029224351861462659-2504290740,ICE 2570,Hildesheim Hbf,Berlin Hbf,2025-04-29 10:37:00,1,10,68
-1029224351861462659-2504290740,ICE 2570,Hildesheim Hbf,Berlin Südkreuz,2025-04-29 10:37:00,1,10,67
-1029224351861462659-2504290740,ICE 2570,Braunschweig Hbf,Wolfsburg Hbf,2025-04-29 11:03:00,1,11,3
-1029224351861462659-2504290740,ICE 2570,Braunschweig Hbf,Berlin-Spandau,2025-04-29 11:03:00,1,11,68
-1029224351861462659-2504290740,ICE 2570,Braunschweig Hbf,Berlin Hbf,2025-04-29 11:03:00,1,11,68
-1029224351861462659-2504290740,ICE 2570,Braunschweig Hbf,Berlin Südkreuz,2025-04-29 11:03:00,1,11,67
-1029224351861462659-2504290740,ICE 2570,Wolfsburg Hbf,Berlin-Spandau,2025-04-29 11:20:00,1,11,68
-1029224351861462659-2504290740,ICE 2570,Wolfsburg Hbf,Berlin Hbf,2025-04-29 11:20:00,1,11,68
-1029224351861462659-2504290740,ICE 2570,Wolfsburg Hbf,Berlin Südkreuz,2025-04-29 11:20:00,1,11,67
-1029224351861462659-2504290740,ICE 2570,Berlin-Spandau,Berlin Hbf,2025-04-29 12:24:00,1,12,68
-1029224351861462659-2504290740,ICE 2570,Berlin-Spandau,Berlin Südkreuz,2025-04-29 12:24:00,1,12,67
-1029224351861462659-2504290740,ICE 2570,Berlin Hbf,Berlin Südkreuz,2025-04-29 12:37:00,1,12,67
-1029224351861462659-2504300740,ICE 2570,Frankfurt(Main)Hbf,Kassel-Wilhelmshöhe,2025-04-30 07:40:00,2,7,12
-1029224351861462659-2504300740,ICE 2570,Frankfurt(Main)Hbf,Göttingen,2025-04-30 07:40:00,2,7,11
-1029224351861462659-2504300740,ICE 2570,Frankfurt(Main)Hbf,Hildesheim Hbf,2025-04-30 07:40:00,2,7,9
-1029224351861462659-2504300740,ICE 2570,Frankfurt(Main)Hbf,Braunschweig Hbf,2025-04-30 07:40:00,2,7,7
-1029224351861462659-2504300740,ICE 2570,Frankfurt(Main)Hbf,Wolfsburg Hbf,2025-04-30 07:40:00,2,7,5
-1029224351861462659-2504300740,ICE 2570,Frankfurt(Main)Hbf,Berlin-Spandau,2025-04-30 07:40:00,2,7,0
-1029224351861462659-2504300740,ICE 2570,Frankfurt(Main)Hbf,Berlin Hbf,2025-04-30 07:40:00,2,7,0
-1029224351861462659-2504300740,ICE 2570,Frankfurt(Main)Hbf,Berlin Südkreuz,2025-04-30 07:40:00,2,7,2
-1029224351861462659-2504300740,ICE 2570,Kassel-Wilhelmshöhe,Göttingen,2025-04-30 09:49:00,2,9,11
-1029224351861462659-2504300740,ICE 2570,Kassel-Wilhelmshöhe,Hildesheim Hbf,2025-04-30 09:49:00,2,9,9
-1029224351861462659-2504300740,ICE 2570,Kassel-Wilhelmshöhe,Braunschweig Hbf,2025-04-30 09:49:00,2,9,7
-1029224351861462659-2504300740,ICE 2570,Kassel-Wilhelmshöhe,Wolfsburg Hbf,2025-04-30 09:49:00,2,9,5
-1029224351861462659-2504300740,ICE 2570,Kassel-Wilhelmshöhe,Berlin-Spandau,2025-04-30 09:49:00,2,9,0
-1029224351861462659-2504300740,ICE 2570,Kassel-Wilhelmshöhe,Berlin Hbf,2025-04-30 09:49:00,2,9,0
-1029224351861462659-2504300740,ICE 2570,Kassel-Wilhelmshöhe,Berlin Südkreuz,2025-04-30 09:49:00,2,9,2
-1029224351861462659-2504300740,ICE 2570,Göttingen,Hildesheim Hbf,2025-04-30 10:09:00,2,10,9
-1029224351861462659-2504300740,ICE 2570,Göttingen,Braunschweig Hbf,2025-04-30 10:09:00,2,10,7
-1029224351861462659-2504300740,ICE 2570,Göttingen,Wolfsburg Hbf,2025-04-30 10:09:00,2,10,5
-1029224351861462659-2504300740,ICE 2570,Göttingen,Berlin-Spandau,2025-04-30 10:09:00,2,10,0
-1029224351861462659-2504300740,ICE 2570,Göttingen,Berlin Hbf,2025-04-30 10:09:00,2,10,0
-1029224351861462659-2504300740,ICE 2570,Göttingen,Berlin Südkreuz,2025-04-30 10:09:00,2,10,2
-1029224351861462659-2504300740,ICE 2570,Hildesheim Hbf,Braunschweig Hbf,2025-04-30 10:37:00,2,10,7
-1029224351861462659-2504300740,ICE 2570,Hildesheim Hbf,Wolfsburg Hbf,2025-04-30 10:37:00,2,10,5
-1029224351861462659-2504300740,ICE 2570,Hildesheim Hbf,Berlin-Spandau,2025-04-30 10:37:00,2,10,0
-1029224351861462659-2504300740,ICE 2570,Hildesheim Hbf,Berlin Hbf,2025-04-30 10:37:00,2,10,0
-1029224351861462659-2504300740,ICE 2570,Hildesheim Hbf,Berlin Südkreuz,2025-04-30 10:37:00,2,10,2
-1029224351861462659-2504300740,ICE 2570,Braunschweig Hbf,Wolfsburg Hbf,2025-04-30 11:03:00,2,11,5
-1029224351861462659-2504300740,ICE 2570,Braunschweig Hbf,Berlin-Spandau,2025-04-30 11:03:00,2,11,0
-1029224351861462659-2504300740,ICE 2570,Braunschweig Hbf,Berlin Hbf,2025-04-30 11:03:00,2,11,0
-1029224351861462659-2504300740,ICE 2570,Braunschweig Hbf,Berlin Südkreuz,2025-04-30 11:03:00,2,11,2
-1029224351861462659-2504300740,ICE 2570,Wolfsburg Hbf,Berlin-Spandau,2025-04-30 11:20:00,2,11,0
-1029224351861462659-2504300740,ICE 2570,Wolfsburg Hbf,Berlin Hbf,2025-04-30 11:20:00,2,11,0
-1029224351861462659-2504300740,ICE 2570,Wolfsburg Hbf,Berlin Südkreuz,2025-04-30 11:20:00,2,11,2
-1029224351861462659-2504300740,ICE 2570,Berlin-Spandau,Berlin Hbf,2025-04-30 12:24:00,2,12,0
-1029224351861462659-2504300740,ICE 2570,Berlin-Spandau,Berlin Südkreuz,2025-04-30 12:24:00,2,12,2
-1029224351861462659-2504300740,ICE 2570,Berlin Hbf,Berlin Südkreuz,2025-04-30 12:37:00,2,12,2
-105577722398962707-2504201928,ICE 2559,Berlin Ostbahnhof,Leipzig Hbf,2025-04-20 19:28:00,6,19,0
-105577722398962707-2504201928,ICE 2559,Berlin Ostbahnhof,Erfurt Hbf,2025-04-20 19:28:00,6,19,0
-105577722398962707-2504201928,ICE 2559,Berlin Ostbahnhof,Fulda,2025-04-20 19:28:00,6,19,0
-105577722398962707-2504201928,ICE 2559,Berlin Ostbahnhof,Frankfurt(Main)Hbf,2025-04-20 19:28:00,6,19,0
-105577722398962707-2504201928,ICE 2559,Berlin Ostbahnhof,Mannheim Hbf,2025-04-20 19:28:00,6,19,0
-105577722398962707-2504201928,ICE 2559,Berlin Ostbahnhof,Karlsruhe Hbf,2025-04-20 19:28:00,6,19,0
-105577722398962707-2504201928,ICE 2559,Leipzig Hbf,Erfurt Hbf,2025-04-20 21:01:00,6,21,0
-105577722398962707-2504201928,ICE 2559,Leipzig Hbf,Fulda,2025-04-20 21:01:00,6,21,0
-105577722398962707-2504201928,ICE 2559,Leipzig Hbf,Frankfurt(Main)Hbf,2025-04-20 21:01:00,6,21,0
-105577722398962707-2504201928,ICE 2559,Leipzig Hbf,Mannheim Hbf,2025-04-20 21:01:00,6,21,0
-105577722398962707-2504201928,ICE 2559,Leipzig Hbf,Karlsruhe Hbf,2025-04-20 21:01:00,6,21,0
-105577722398962707-2504201928,ICE 2559,Erfurt Hbf,Fulda,2025-04-20 21:50:00,6,21,0
-105577722398962707-2504201928,ICE 2559,Erfurt Hbf,Frankfurt(Main)Hbf,2025-04-20 21:50:00,6,21,0
-105577722398962707-2504201928,ICE 2559,Erfurt Hbf,Mannheim Hbf,2025-04-20 21:50:00,6,21,0
-105577722398962707-2504201928,ICE 2559,Erfurt Hbf,Karlsruhe Hbf,2025-04-20 21:50:00,6,21,0
-105577722398962707-2504201928,ICE 2559,Fulda,Frankfurt(Main)Hbf,2025-04-20 23:12:00,6,23,0
-105577722398962707-2504201928,ICE 2559,Fulda,Mannheim Hbf,2025-04-20 23:12:00,6,23,0
-105577722398962707-2504201928,ICE 2559,Fulda,Karlsruhe Hbf,2025-04-20 23:12:00,6,23,0
-105577722398962707-2504201928,ICE 2559,Frankfurt(Main)Hbf,Mannheim Hbf,2025-04-21 00:50:00,0,0,0
-105577722398962707-2504201928,ICE 2559,Frankfurt(Main)Hbf,Karlsruhe Hbf,2025-04-21 00:50:00,0,0,0
-105577722398962707-2504201928,ICE 2559,Mannheim Hbf,Karlsruhe Hbf,2025-04-21 01:30:00,0,1,0
-105577722398962707-2504211913,ICE 2559,Berlin Ostbahnhof,Leipzig Hbf,2025-04-21 19:13:00,0,19,0
-105577722398962707-2504211913,ICE 2559,Berlin Ostbahnhof,Erfurt Hbf,2025-04-21 19:13:00,0,19,0
-105577722398962707-2504211913,ICE 2559,Berlin Ostbahnhof,Fulda,2025-04-21 19:13:00,0,19,0
-105577722398962707-2504211913,ICE 2559,Berlin Ostbahnhof,Frankfurt(Main)Hbf,2025-04-21 19:13:00,0,19,0
-105577722398962707-2504211913,ICE 2559,Berlin Ostbahnhof,Mannheim Hbf,2025-04-21 19:13:00,0,19,0
-105577722398962707-2504211913,ICE 2559,Berlin Ostbahnhof,Karlsruhe Hbf,2025-04-21 19:13:00,0,19,0
-105577722398962707-2504211913,ICE 2559,Leipzig Hbf,Erfurt Hbf,2025-04-21 20:48:00,0,20,0
-105577722398962707-2504211913,ICE 2559,Leipzig Hbf,Fulda,2025-04-21 20:48:00,0,20,0
-105577722398962707-2504211913,ICE 2559,Leipzig Hbf,Frankfurt(Main)Hbf,2025-04-21 20:48:00,0,20,0
-105577722398962707-2504211913,ICE 2559,Leipzig Hbf,Mannheim Hbf,2025-04-21 20:48:00,0,20,0
-105577722398962707-2504211913,ICE 2559,Leipzig Hbf,Karlsruhe Hbf,2025-04-21 20:48:00,0,20,0
-105577722398962707-2504211913,ICE 2559,Erfurt Hbf,Fulda,2025-04-21 21:30:00,0,21,0
-105577722398962707-2504211913,ICE 2559,Erfurt Hbf,Frankfurt(Main)Hbf,2025-04-21 21:30:00,0,21,0
-105577722398962707-2504211913,ICE 2559,Erfurt Hbf,Mannheim Hbf,2025-04-21 21:30:00,0,21,0
-105577722398962707-2504211913,ICE 2559,Erfurt Hbf,Karlsruhe Hbf,2025-04-21 21:30:00,0,21,0
-105577722398962707-2504211913,ICE 2559,Fulda,Frankfurt(Main)Hbf,2025-04-21 22:52:00,0,22,0
-105577722398962707-2504211913,ICE 2559,Fulda,Mannheim Hbf,2025-04-21 22:52:00,0,22,0
-105577722398962707-2504211913,ICE 2559,Fulda,Karlsruhe Hbf,2025-04-21 22:52:00,0,22,0
-105577722398962707-2504211913,ICE 2559,Frankfurt(Main)Hbf,Mannheim Hbf,2025-04-22 00:50:00,1,0,0
-105577722398962707-2504211913,ICE 2559,Frankfurt(Main)Hbf,Karlsruhe Hbf,2025-04-22 00:50:00,1,0,0
-105577722398962707-2504211913,ICE 2559,Mannheim Hbf,Karlsruhe Hbf,2025-04-22 01:30:00,1,1,0
-1057492321374091038-2501011731,ICE 713,Köln Hbf,Wiesbaden Hbf,2025-01-01 17:31:00,2,17,2
-1057492321374091038-2501011731,ICE 713,Köln Hbf,Mainz Hbf,2025-01-01 17:31:00,2,17,7
-1057492321374091038-2501011731,ICE 713,Köln Hbf,Frankfurt(Main)Hbf,2025-01-01 17:31:00,2,17,7
-1057492321374091038-2501011731,ICE 713,Wiesbaden Hbf,Mainz Hbf,2025-01-01 18:46:00,2,18,7
-1057492321374091038-2501011731,ICE 713,Wiesbaden Hbf,Frankfurt(Main)Hbf,2025-01-01 18:46:00,2,18,7
-1057492321374091038-2501011731,ICE 713,Mainz Hbf,Frankfurt(Main)Hbf,2025-01-01 18:57:00,2,18,7
-1057492321374091038-2501021731,ICE 713,Köln Hbf,Wiesbaden Hbf,2025-01-02 17:31:00,3,17,39
-1057492321374091038-2501021731,ICE 713,Köln Hbf,Mainz Hbf,2025-01-02 17:31:00,3,17,46
-1057492321374091038-2501021731,ICE 713,Köln Hbf,Frankfurt(Main)Hbf,2025-01-02 17:31:00,3,17,35
-1057492321374091038-2501021731,ICE 713,Wiesbaden Hbf,Mainz Hbf,2025-01-02 18:46:00,3,18,46
-1057492321374091038-2501021731,ICE 713,Wiesbaden Hbf,Frankfurt(Main)Hbf,2025-01-02 18:46:00,3,18,35
-1057492321374091038-2501021731,ICE 713,Mainz Hbf,Frankfurt(Main)Hbf,2025-01-02 18:57:00,3,18,35
-1057492321374091038-2501031731,ICE 713,Köln Hbf,Wiesbaden Hbf,2025-01-03 17:31:00,4,17,2
-1057492321374091038-2501031731,ICE 713,Köln Hbf,Mainz Hbf,2025-01-03 17:31:00,4,17,1
-1057492321374091038-2501031731,ICE 713,Köln Hbf,Frankfurt(Main)Hbf,2025-01-03 17:31:00,4,17,3
-1057492321374091038-2501031731,ICE 713,Wiesbaden Hbf,Mainz Hbf,2025-01-03 18:46:00,4,18,1
-1057492321374091038-2501031731,ICE 713,Wiesbaden Hbf,Frankfurt(Main)Hbf,2025-01-03 18:46:00,4,18,3
-1057492321374091038-2501031731,ICE 713,Mainz Hbf,Frankfurt(Main)Hbf,2025-01-03 18:57:00,4,18,3
-1057492321374091038-2501051731,ICE 713,Köln Hbf,Wiesbaden Hbf,2025-01-05 17:31:00,6,17,5
-1057492321374091038-2501051731,ICE 713,Köln Hbf,Mainz Hbf,2025-01-05 17:31:00,6,17,9
-1057492321374091038-2501051731,ICE 713,Köln Hbf,Frankfurt(Main)Hbf,2025-01-05 17:31:00,6,17,0
-1057492321374091038-2501051731,ICE 713,Wiesbaden Hbf,Mainz Hbf,2025-01-05 18:46:00,6,18,9
-1057492321374091038-2501051731,ICE 713,Wiesbaden Hbf,Frankfurt(Main)Hbf,2025-01-05 18:46:00,6,18,0
-1057492321374091038-2501051731,ICE 713,Mainz Hbf,Frankfurt(Main)Hbf,2025-01-05 18:57:00,6,18,0
-1057492321374091038-2501061731,ICE 713,Köln Hbf,Wiesbaden Hbf,2025-01-06 17:31:00,0,17,0
-1057492321374091038-2501061731,ICE 713,Köln Hbf,Mainz Hbf,2025-01-06 17:31:00,0,17,0
-1057492321374091038-2501061731,ICE 713,Köln Hbf,Frankfurt(Main)Hbf,2025-01-06 17:31:00,0,17,0
-1057492321374091038-2501061731,ICE 713,Wiesbaden Hbf,Mainz Hbf,2025-01-06 18:46:00,0,18,0
-1057492321374091038-2501061731,ICE 713,Wiesbaden Hbf,Frankfurt(Main)Hbf,2025-01-06 18:46:00,0,18,0
-1057492321374091038-2501061731,ICE 713,Mainz Hbf,Frankfurt(Main)Hbf,2025-01-06 18:57:00,0,18,0
-1057492321374091038-2501071731,ICE 713,Köln Hbf,Wiesbaden Hbf,2025-01-07 17:31:00,1,17,2
-1057492321374091038-2501071731,ICE 713,Köln Hbf,Mainz Hbf,2025-01-07 17:31:00,1,17,4
-1057492321374091038-2501071731,ICE 713,Köln Hbf,Frankfurt(Main)Hbf,2025-01-07 17:31:00,1,17,8
-1057492321374091038-2501071731,ICE 713,Wiesbaden Hbf,Mainz Hbf,2025-01-07 18:46:00,1,18,4
-1057492321374091038-2501071731,ICE 713,Wiesbaden Hbf,Frankfurt(Main)Hbf,2025-01-07 18:46:00,1,18,8
-1057492321374091038-2501071731,ICE 713,Mainz Hbf,Frankfurt(Main)Hbf,2025-01-07 18:57:00,1,18,8
-1057492321374091038-2501081731,ICE 713,Köln Hbf,Wiesbaden Hbf,2025-01-08 17:31:00,2,17,4
-1057492321374091038-2501081731,ICE 713,Köln Hbf,Mainz Hbf,2025-01-08 17:31:00,2,17,7
-1057492321374091038-2501081731,ICE 713,Köln Hbf,Frankfurt(Main)Hbf,2025-01-08 17:31:00,2,17,16
-1057492321374091038-2501081731,ICE 713,Wiesbaden Hbf,Mainz Hbf,2025-01-08 18:46:00,2,18,7
-1057492321374091038-2501081731,ICE 713,Wiesbaden Hbf,Frankfurt(Main)Hbf,2025-01-08 18:46:00,2,18,16
-1057492321374091038-2501081731,ICE 713,Mainz Hbf,Frankfurt(Main)Hbf,2025-01-08 18:57:00,2,18,16
-1057492321374091038-2501091731,ICE 713,Köln Hbf,Wiesbaden Hbf,2025-01-09 17:31:00,3,17,19
-1057492321374091038-2501091731,ICE 713,Köln Hbf,Mainz Hbf,2025-01-09 17:31:00,3,17,19
-1057492321374091038-2501091731,ICE 713,Köln Hbf,Frankfurt(Main)Hbf,2025-01-09 17:31:00,3,17,10
-1057492321374091038-2501091731,ICE 713,Wiesbaden Hbf,Mainz Hbf,2025-01-09 18:46:00,3,18,19
-1057492321374091038-2501091731,ICE 713,Wiesbaden Hbf,Frankfurt(Main)Hbf,2025-01-09 18:46:00,3,18,10
-1057492321374091038-2501091731,ICE 713,Mainz Hbf,Frankfurt(Main)Hbf,2025-01-09 18:57:00,3,18,10
-1057492321374091038-2501101731,ICE 713,Köln Hbf,Wiesbaden Hbf,2025-01-10 17:31:00,4,17,4
-1057492321374091038-2501101731,ICE 713,Köln Hbf,Mainz Hbf,2025-01-10 17:31:00,4,17,12
-1057492321374091038-2501101731,ICE 713,Köln Hbf,Frankfurt(Main)Hbf,2025-01-10 17:31:00,4,17,8
-1057492321374091038-2501101731,ICE 713,Wiesbaden Hbf,Mainz Hbf,2025-01-10 18:46:00,4,18,12
-1057492321374091038-2501101731,ICE 713,Wiesbaden Hbf,Frankfurt(Main)Hbf,2025-01-10 18:46:00,4,18,8
-1057492321374091038-2501101731,ICE 713,Mainz Hbf,Frankfurt(Main)Hbf,2025-01-10 18:57:00,4,18,8
-1057492321374091038-2501121731,ICE 713,Köln Hbf,Wiesbaden Hbf,2025-01-12 17:31:00,6,17,19
-1057492321374091038-2501121731,ICE 713,Köln Hbf,Mainz Hbf,2025-01-12 17:31:00,6,17,18
-1057492321374091038-2501121731,ICE 713,Köln Hbf,Frankfurt(Main)Hbf,2025-01-12 17:31:00,6,17,12
-1057492321374091038-2501121731,ICE 713,Wiesbaden Hbf,Mainz Hbf,2025-01-12 18:46:00,6,18,18
-1057492321374091038-2501121731,ICE 713,Wiesbaden Hbf,Frankfurt(Main)Hbf,2025-01-12 18:46:00,6,18,12
-1057492321374091038-2501121731,ICE 713,Mainz Hbf,Frankfurt(Main)Hbf,2025-01-12 18:57:00,6,18,12
-1057492321374091038-2501131731,ICE 713,Köln Hbf,Wiesbaden Hbf,2025-01-13 17:31:00,0,17,25
-1057492321374091038-2501131731,ICE 713,Köln Hbf,Mainz Hbf,2025-01-13 17:31:00,0,17,27
-1057492321374091038-2501131731,ICE 713,Köln Hbf,Frankfurt(Main)Hbf,2025-01-13 17:31:00,0,17,12
-1057492321374091038-2501131731,ICE 713,Wiesbaden Hbf,Mainz Hbf,2025-01-13 18:46:00,0,18,27
-1057492321374091038-2501131731,ICE 713,Wiesbaden Hbf,Frankfurt(Main)Hbf,2025-01-13 18:46:00,0,18,12
-1057492321374091038-2501131731,ICE 713,Mainz Hbf,Frankfurt(Main)Hbf,2025-01-13 18:57:00,0,18,12
-1057492321374091038-2501141731,ICE 713,Köln Hbf,Wiesbaden Hbf,2025-01-14 17:31:00,1,17,2
-1057492321374091038-2501141731,ICE 713,Köln Hbf,Mainz Hbf,2025-01-14 17:31:00,1,17,8
-1057492321374091038-2501141731,ICE 713,Köln Hbf,Frankfurt(Main)Hbf,2025-01-14 17:31:00,1,17,5
-1057492321374091038-2501141731,ICE 713,Wiesbaden Hbf,Mainz Hbf,2025-01-14 18:46:00,1,18,8
-1057492321374091038-2501141731,ICE 713,Wiesbaden Hbf,Frankfurt(Main)Hbf,2025-01-14 18:46:00,1,18,5
-1057492321374091038-2501141731,ICE 713,Mainz Hbf,Frankfurt(Main)Hbf,2025-01-14 18:57:00,1,18,5
-1057492321374091038-2501151731,ICE 713,Köln Hbf,Wiesbaden Hbf,2025-01-15 17:31:00,2,17,124
-1057492321374091038-2501151731,ICE 713,Köln Hbf,Mainz Hbf,2025-01-15 17:31:00,2,17,139
-1057492321374091038-2501151731,ICE 713,Köln Hbf,Frankfurt(Main)Hbf,2025-01-15 17:31:00,2,17,129
-1057492321374091038-2501151731,ICE 713,Wiesbaden Hbf,Mainz Hbf,2025-01-15 18:46:00,2,18,139
-1057492321374091038-2501151731,ICE 713,Wiesbaden Hbf,Frankfurt(Main)Hbf,2025-01-15 18:46:00,2,18,129
-1057492321374091038-2501151731,ICE 713,Mainz Hbf,Frankfurt(Main)Hbf,2025-01-15 18:57:00,2,18,129
-1057492321374091038-2501161731,ICE 713,Köln Hbf,Wiesbaden Hbf,2025-01-16 17:31:00,3,17,3
-1057492321374091038-2501161731,ICE 713,Köln Hbf,Mainz Hbf,2025-01-16 17:31:00,3,17,3
-1057492321374091038-2501161731,ICE 713,Köln Hbf,Frankfurt(Main)Hbf,2025-01-16 17:31:00,3,17,1
-1057492321374091038-2501161731,ICE 713,Wiesbaden Hbf,Mainz Hbf,2025-01-16 18:46:00,3,18,3
-1057492321374091038-2501161731,ICE 713,Wiesbaden Hbf,Frankfurt(Main)Hbf,2025-01-16 18:46:00,3,18,1
-1057492321374091038-2501161731,ICE 713,Mainz Hbf,Frankfurt(Main)Hbf,2025-01-16 18:57:00,3,18,1
-1057492321374091038-2501171731,ICE 713,Köln Hbf,Wiesbaden Hbf,2025-01-17 17:31:00,4,17,8
-1057492321374091038-2501171731,ICE 713,Köln Hbf,Mainz Hbf,2025-01-17 17:31:00,4,17,13
-1057492321374091038-2501171731,ICE 713,Köln Hbf,Frankfurt(Main)Hbf,2025-01-17 17:31:00,4,17,4
-1057492321374091038-2501171731,ICE 713,Wiesbaden Hbf,Mainz Hbf,2025-01-17 18:46:00,4,18,13
-1057492321374091038-2501171731,ICE 713,Wiesbaden Hbf,Frankfurt(Main)Hbf,2025-01-17 18:46:00,4,18,4
-1057492321374091038-2501171731,ICE 713,Mainz Hbf,Frankfurt(Main)Hbf,2025-01-17 18:57:00,4,18,4
-1057492321374091038-2501191731,ICE 713,Köln Hbf,Wiesbaden Hbf,2025-01-19 17:31:00,6,17,4
-1057492321374091038-2501191731,ICE 713,Köln Hbf,Mainz Hbf,2025-01-19 17:31:00,6,17,3
-1057492321374091038-2501191731,ICE 713,Köln Hbf,Frankfurt(Main)Hbf,2025-01-19 17:31:00,6,17,0
-1057492321374091038-2501191731,ICE 713,Wiesbaden Hbf,Mainz Hbf,2025-01-19 18:46:00,6,18,3
-1057492321374091038-2501191731,ICE 713,Wiesbaden Hbf,Frankfurt(Main)Hbf,2025-01-19 18:46:00,6,18,0
-1057492321374091038-2501191731,ICE 713,Mainz Hbf,Frankfurt(Main)Hbf,2025-01-19 18:57:00,6,18,0
-1057492321374091038-2501201731,ICE 713,Köln Hbf,Wiesbaden Hbf,2025-01-20 17:31:00,0,17,5
-1057492321374091038-2501201731,ICE 713,Köln Hbf,Mainz Hbf,2025-01-20 17:31:00,0,17,8
-1057492321374091038-2501201731,ICE 713,Köln Hbf,Frankfurt(Main)Hbf,2025-01-20 17:31:00,0,17,7
-1057492321374091038-2501201731,ICE 713,Wiesbaden Hbf,Mainz Hbf,2025-01-20 18:46:00,0,18,8
-1057492321374091038-2501201731,ICE 713,Wiesbaden Hbf,Frankfurt(Main)Hbf,2025-01-20 18:46:00,0,18,7
-1057492321374091038-2501201731,ICE 713,Mainz Hbf,Frankfurt(Main)Hbf,2025-01-20 18:57:00,0,18,7
-1057492321374091038-2501211731,ICE 713,Köln Hbf,Wiesbaden Hbf,2025-01-21 17:31:00,1,17,23
-1057492321374091038-2501211731,ICE 713,Köln Hbf,Mainz Hbf,2025-01-21 17:31:00,1,17,26
-1057492321374091038-2501211731,ICE 713,Köln Hbf,Frankfurt(Main)Hbf,2025-01-21 17:31:00,1,17,22
-1057492321374091038-2501211731,ICE 713,Wiesbaden Hbf,Mainz Hbf,2025-01-21 18:46:00,1,18,26
-1057492321374091038-2501211731,ICE 713,Wiesbaden Hbf,Frankfurt(Main)Hbf,2025-01-21 18:46:00,1,18,22
-1057492321374091038-2501211731,ICE 713,Mainz Hbf,Frankfurt(Main)Hbf,2025-01-21 18:57:00,1,18,22
-1057492321374091038-2501221731,ICE 713,Köln Hbf,Wiesbaden Hbf,2025-01-22 17:31:00,2,17,3
-1057492321374091038-2501221731,ICE 713,Köln Hbf,Mainz Hbf,2025-01-22 17:31:00,2,17,2
-1057492321374091038-2501221731,ICE 713,Köln Hbf,Frankfurt(Main)Hbf,2025-01-22 17:31:00,2,17,8
-1057492321374091038-2501221731,ICE 713,Wiesbaden Hbf,Mainz Hbf,2025-01-22 18:46:00,2,18,2
-1057492321374091038-2501221731,ICE 713,Wiesbaden Hbf,Frankfurt(Main)Hbf,2025-01-22 18:46:00,2,18,8
-1057492321374091038-2501221731,ICE 713,Mainz Hbf,Frankfurt(Main)Hbf,2025-01-22 18:57:00,2,18,8
-1057492321374091038-2501231731,ICE 713,Köln Hbf,Wiesbaden Hbf,2025-01-23 17:31:00,3,17,3
-1057492321374091038-2501231731,ICE 713,Köln Hbf,Mainz Hbf,2025-01-23 17:31:00,3,17,8
-1057492321374091038-2501231731,ICE 713,Köln Hbf,Frankfurt(Main)Hbf,2025-01-23 17:31:00,3,17,14
-1057492321374091038-2501231731,ICE 713,Wiesbaden Hbf,Mainz Hbf,2025-01-23 18:46:00,3,18,8
-1057492321374091038-2501231731,ICE 713,Wiesbaden Hbf,Frankfurt(Main)Hbf,2025-01-23 18:46:00,3,18,14
-1057492321374091038-2501231731,ICE 713,Mainz Hbf,Frankfurt(Main)Hbf,2025-01-23 18:57:00,3,18,14
-1057492321374091038-2501241731,ICE 713,Köln Hbf,Wiesbaden Hbf,2025-01-24 17:31:00,4,17,15
-1057492321374091038-2501241731,ICE 713,Köln Hbf,Mainz Hbf,2025-01-24 17:31:00,4,17,14
-1057492321374091038-2501241731,ICE 713,Köln Hbf,Frankfurt(Main)Hbf,2025-01-24 17:31:00,4,17,2
-1057492321374091038-2501241731,ICE 713,Wiesbaden Hbf,Mainz Hbf,2025-01-24 18:46:00,4,18,14
-1057492321374091038-2501241731,ICE 713,Wiesbaden Hbf,Frankfurt(Main)Hbf,2025-01-24 18:46:00,4,18,2
-1057492321374091038-2501241731,ICE 713,Mainz Hbf,Frankfurt(Main)Hbf,2025-01-24 18:57:00,4,18,2
-1057492321374091038-2501261731,ICE 713,Köln Hbf,Wiesbaden Hbf,2025-01-26 17:31:00,6,17,2
-1057492321374091038-2501261731,ICE 713,Köln Hbf,Mainz Hbf,2025-01-26 17:31:00,6,17,5
-1057492321374091038-2501261731,ICE 713,Köln Hbf,Frankfurt(Main)Hbf,2025-01-26 17:31:00,6,17,2
-1057492321374091038-2501261731,ICE 713,Wiesbaden Hbf,Mainz Hbf,2025-01-26 18:46:00,6,18,5
-1057492321374091038-2501261731,ICE 713,Wiesbaden Hbf,Frankfurt(Main)Hbf,2025-01-26 18:46:00,6,18,2
-1057492321374091038-2501261731,ICE 713,Mainz Hbf,Frankfurt(Main)Hbf,2025-01-26 18:57:00,6,18,2
-1057492321374091038-2501271731,ICE 713,Köln Hbf,Wiesbaden Hbf,2025-01-27 17:31:00,0,17,1
-1057492321374091038-2501271731,ICE 713,Köln Hbf,Mainz Hbf,2025-01-27 17:31:00,0,17,3
-1057492321374091038-2501271731,ICE 713,Köln Hbf,Frankfurt(Main)Hbf,2025-01-27 17:31:00,0,17,1
-1057492321374091038-2501271731,ICE 713,Wiesbaden Hbf,Mainz Hbf,2025-01-27 18:46:00,0,18,3
-1057492321374091038-2501271731,ICE 713,Wiesbaden Hbf,Frankfurt(Main)Hbf,2025-01-27 18:46:00,0,18,1
-1057492321374091038-2501271731,ICE 713,Mainz Hbf,Frankfurt(Main)Hbf,2025-01-27 18:57:00,0,18,1
-1057492321374091038-2501281731,ICE 713,Köln Hbf,Wiesbaden Hbf,2025-01-28 17:31:00,1,17,1
-1057492321374091038-2501281731,ICE 713,Köln Hbf,Mainz Hbf,2025-01-28 17:31:00,1,17,2
-1057492321374091038-2501281731,ICE 713,Köln Hbf,Frankfurt(Main)Hbf,2025-01-28 17:31:00,1,17,2
-1057492321374091038-2501281731,ICE 713,Wiesbaden Hbf,Mainz Hbf,2025-01-28 18:46:00,1,18,2
-1057492321374091038-2501281731,ICE 713,Wiesbaden Hbf,Frankfurt(Main)Hbf,2025-01-28 18:46:00,1,18,2
-1057492321374091038-2501281731,ICE 713,Mainz Hbf,Frankfurt(Main)Hbf,2025-01-28 18:57:00,1,18,2
-1057492321374091038-2501291731,ICE 713,Köln Hbf,Wiesbaden Hbf,2025-01-29 17:31:00,2,17,7
-1057492321374091038-2501291731,ICE 713,Köln Hbf,Mainz Hbf,2025-01-29 17:31:00,2,17,9
-1057492321374091038-2501291731,ICE 713,Köln Hbf,Frankfurt(Main)Hbf,2025-01-29 17:31:00,2,17,0
-1057492321374091038-2501291731,ICE 713,Wiesbaden Hbf,Mainz Hbf,2025-01-29 18:46:00,2,18,9
-1057492321374091038-2501291731,ICE 713,Wiesbaden Hbf,Frankfurt(Main)Hbf,2025-01-29 18:46:00,2,18,0
-1057492321374091038-2501291731,ICE 713,Mainz Hbf,Frankfurt(Main)Hbf,2025-01-29 18:57:00,2,18,0
-1057492321374091038-2501301731,ICE 713,Köln Hbf,Wiesbaden Hbf,2025-01-30 17:31:00,3,17,5
-1057492321374091038-2501301731,ICE 713,Köln Hbf,Mainz Hbf,2025-01-30 17:31:00,3,17,5
-1057492321374091038-2501301731,ICE 713,Köln Hbf,Frankfurt(Main)Hbf,2025-01-30 17:31:00,3,17,1
-1057492321374091038-2501301731,ICE 713,Wiesbaden Hbf,Mainz Hbf,2025-01-30 18:46:00,3,18,5
-1057492321374091038-2501301731,ICE 713,Wiesbaden Hbf,Frankfurt(Main)Hbf,2025-01-30 18:46:00,3,18,1
-1057492321374091038-2501301731,ICE 713,Mainz Hbf,Frankfurt(Main)Hbf,2025-01-30 18:57:00,3,18,1
-1057492321374091038-2501311731,ICE 713,Köln Hbf,Wiesbaden Hbf,2025-01-31 17:31:00,4,17,4
-1057492321374091038-2501311731,ICE 713,Köln Hbf,Mainz Hbf,2025-01-31 17:31:00,4,17,3
-1057492321374091038-2501311731,ICE 713,Köln Hbf,Frankfurt(Main)Hbf,2025-01-31 17:31:00,4,17,3
-1057492321374091038-2501311731,ICE 713,Wiesbaden Hbf,Mainz Hbf,2025-01-31 18:46:00,4,18,3
-1057492321374091038-2501311731,ICE 713,Wiesbaden Hbf,Frankfurt(Main)Hbf,2025-01-31 18:46:00,4,18,3
-1057492321374091038-2501311731,ICE 713,Mainz Hbf,Frankfurt(Main)Hbf,2025-01-31 18:57:00,4,18,3
-1057492321374091038-2502021731,ICE 713,Köln Hbf,Wiesbaden Hbf,2025-02-02 17:31:00,6,17,3
-1057492321374091038-2502021731,ICE 713,Köln Hbf,Mainz Hbf,2025-02-02 17:31:00,6,17,3
-1057492321374091038-2502021731,ICE 713,Köln Hbf,Frankfurt(Main)Hbf,2025-02-02 17:31:00,6,17,1
-1057492321374091038-2502021731,ICE 713,Wiesbaden Hbf,Mainz Hbf,2025-02-02 18:46:00,6,18,3
-1057492321374091038-2502021731,ICE 713,Wiesbaden Hbf,Frankfurt(Main)Hbf,2025-02-02 18:46:00,6,18,1
-1057492321374091038-2502021731,ICE 713,Mainz Hbf,Frankfurt(Main)Hbf,2025-02-02 18:57:00,6,18,1
-1057492321374091038-2502031731,ICE 713,Köln Hbf,Wiesbaden Hbf,2025-02-03 17:31:00,0,17,0
-1057492321374091038-2502031731,ICE 713,Köln Hbf,Mainz Hbf,2025-02-03 17:31:00,0,17,0
-1057492321374091038-2502031731,ICE 713,Köln Hbf,Frankfurt(Main)Hbf,2025-02-03 17:31:00,0,17,0
-1057492321374091038-2502031731,ICE 713,Wiesbaden Hbf,Mainz Hbf,2025-02-03 18:46:00,0,18,0
-1057492321374091038-2502031731,ICE 713,Wiesbaden Hbf,Frankfurt(Main)Hbf,2025-02-03 18:46:00,0,18,0
-1057492321374091038-2502031731,ICE 713,Mainz Hbf,Frankfurt(Main)Hbf,2025-02-03 18:57:00,0,18,0
-1057492321374091038-2502041731,ICE 713,Köln Hbf,Wiesbaden Hbf,2025-02-04 17:31:00,1,17,3
-1057492321374091038-2502041731,ICE 713,Köln Hbf,Mainz Hbf,2025-02-04 17:31:00,1,17,7
-1057492321374091038-2502041731,ICE 713,Köln Hbf,Frankfurt(Main)Hbf,2025-02-04 17:31:00,1,17,0
-1057492321374091038-2502041731,ICE 713,Wiesbaden Hbf,Mainz Hbf,2025-02-04 18:46:00,1,18,7
-1057492321374091038-2502041731,ICE 713,Wiesbaden Hbf,Frankfurt(Main)Hbf,2025-02-04 18:46:00,1,18,0
-1057492321374091038-2502041731,ICE 713,Mainz Hbf,Frankfurt(Main)Hbf,2025-02-04 18:57:00,1,18,0
-1057492321374091038-2502051731,ICE 713,Köln Hbf,Wiesbaden Hbf,2025-02-05 17:31:00,2,17,0
-1057492321374091038-2502051731,ICE 713,Köln Hbf,Mainz Hbf,2025-02-05 17:31:00,2,17,2
-1057492321374091038-2502051731,ICE 713,Köln Hbf,Frankfurt(Main)Hbf,2025-02-05 17:31:00,2,17,2
-1057492321374091038-2502051731,ICE 713,Wiesbaden Hbf,Mainz Hbf,2025-02-05 18:46:00,2,18,2
-1057492321374091038-2502051731,ICE 713,Wiesbaden Hbf,Frankfurt(Main)Hbf,2025-02-05 18:46:00,2,18,2
-1057492321374091038-2502051731,ICE 713,Mainz Hbf,Frankfurt(Main)Hbf,2025-02-05 18:57:00,2,18,2
-1057492321374091038-2502061731,ICE 713,Köln Hbf,Wiesbaden Hbf,2025-02-06 17:31:00,3,17,8
-1057492321374091038-2502061731,ICE 713,Köln Hbf,Mainz Hbf,2025-02-06 17:31:00,3,17,10
-1057492321374091038-2502061731,ICE 713,Köln Hbf,Frankfurt(Main)Hbf,2025-02-06 17:31:00,3,17,3
-1057492321374091038-2502061731,ICE 713,Wiesbaden Hbf,Mainz Hbf,2025-02-06 18:46:00,3,18,10
-1057492321374091038-2502061731,ICE 713,Wiesbaden Hbf,Frankfurt(Main)Hbf,2025-02-06 18:46:00,3,18,3
-1057492321374091038-2502061731,ICE 713,Mainz Hbf,Frankfurt(Main)Hbf,2025-02-06 18:57:00,3,18,3
-1057492321374091038-2502071731,ICE 713,Köln Hbf,Wiesbaden Hbf,2025-02-07 17:31:00,4,17,10
-1057492321374091038-2502071731,ICE 713,Köln Hbf,Mainz Hbf,2025-02-07 17:31:00,4,17,14
-1057492321374091038-2502071731,ICE 713,Köln Hbf,Frankfurt(Main)Hbf,2025-02-07 17:31:00,4,17,7
-1057492321374091038-2502071731,ICE 713,Wiesbaden Hbf,Mainz Hbf,2025-02-07 18:46:00,4,18,14
-1057492321374091038-2502071731,ICE 713,Wiesbaden Hbf,Frankfurt(Main)Hbf,2025-02-07 18:46:00,4,18,7
-1057492321374091038-2502071731,ICE 713,Mainz Hbf,Frankfurt(Main)Hbf,2025-02-07 18:57:00,4,18,7
-1057492321374091038-2502091731,ICE 713,Köln Hbf,Wiesbaden Hbf,2025-02-09 17:31:00,6,17,1
-1057492321374091038-2502091731,ICE 713,Köln Hbf,Mainz Hbf,2025-02-09 17:31:00,6,17,1
-1057492321374091038-2502091731,ICE 713,Köln Hbf,Frankfurt(Main)Hbf,2025-02-09 17:31:00,6,17,0
-1057492321374091038-2502091731,ICE 713,Wiesbaden Hbf,Mainz Hbf,2025-02-09 18:46:00,6,18,1
-1057492321374091038-2502091731,ICE 713,Wiesbaden Hbf,Frankfurt(Main)Hbf,2025-02-09 18:46:00,6,18,0
-1057492321374091038-2502091731,ICE 713,Mainz Hbf,Frankfurt(Main)Hbf,2025-02-09 18:57:00,6,18,0
-1057492321374091038-2502101731,ICE 713,Köln Hbf,Wiesbaden Hbf,2025-02-10 17:31:00,0,17,5
-1057492321374091038-2502101731,ICE 713,Köln Hbf,Mainz Hbf,2025-02-10 17:31:00,0,17,10
-1057492321374091038-2502101731,ICE 713,Köln Hbf,Frankfurt(Main)Hbf,2025-02-10 17:31:00,0,17,2
-1057492321374091038-2502101731,ICE 713,Wiesbaden Hbf,Mainz Hbf,2025-02-10 18:46:00,0,18,10
-1057492321374091038-2502101731,ICE 713,Wiesbaden Hbf,Frankfurt(Main)Hbf,2025-02-10 18:46:00,0,18,2
-1057492321374091038-2502101731,ICE 713,Mainz Hbf,Frankfurt(Main)Hbf,2025-02-10 18:57:00,0,18,2
-1057492321374091038-2502111731,ICE 713,Köln Hbf,Wiesbaden Hbf,2025-02-11 17:31:00,1,17,5
-1057492321374091038-2502111731,ICE 713,Köln Hbf,Mainz Hbf,2025-02-11 17:31:00,1,17,10
-1057492321374091038-2502111731,ICE 713,Köln Hbf,Frankfurt(Main)Hbf,2025-02-11 17:31:00,1,17,11
-1057492321374091038-2502111731,ICE 713,Wiesbaden Hbf,Mainz Hbf,2025-02-11 18:46:00,1,18,10
-1057492321374091038-2502111731,ICE 713,Wiesbaden Hbf,Frankfurt(Main)Hbf,2025-02-11 18:46:00,1,18,11
-1057492321374091038-2502111731,ICE 713,Mainz Hbf,Frankfurt(Main)Hbf,2025-02-11 18:57:00,1,18,11
-1057492321374091038-2502121731,ICE 713,Köln Hbf,Wiesbaden Hbf,2025-02-12 17:31:00,2,17,3
-1057492321374091038-2502121731,ICE 713,Köln Hbf,Mainz Hbf,2025-02-12 17:31:00,2,17,3
-1057492321374091038-2502121731,ICE 713,Köln Hbf,Frankfurt(Main)Hbf,2025-02-12 17:31:00,2,17,7
-1057492321374091038-2502121731,ICE 713,Wiesbaden Hbf,Mainz Hbf,2025-02-12 18:46:00,2,18,3
-1057492321374091038-2502121731,ICE 713,Wiesbaden Hbf,Frankfurt(Main)Hbf,2025-02-12 18:46:00,2,18,7
-1057492321374091038-2502121731,ICE 713,Mainz Hbf,Frankfurt(Main)Hbf,2025-02-12 18:57:00,2,18,7
-1057492321374091038-2502131731,ICE 713,Köln Hbf,Wiesbaden Hbf,2025-02-13 17:31:00,3,17,10
-1057492321374091038-2502131731,ICE 713,Köln Hbf,Mainz Hbf,2025-02-13 17:31:00,3,17,10
-1057492321374091038-2502131731,ICE 713,Köln Hbf,Frankfurt(Main)Hbf,2025-02-13 17:31:00,3,17,1
-1057492321374091038-2502131731,ICE 713,Wiesbaden Hbf,Mainz Hbf,2025-02-13 18:46:00,3,18,10
-1057492321374091038-2502131731,ICE 713,Wiesbaden Hbf,Frankfurt(Main)Hbf,2025-02-13 18:46:00,3,18,1
-1057492321374091038-2502131731,ICE 713,Mainz Hbf,Frankfurt(Main)Hbf,2025-02-13 18:57:00,3,18,1
-1057492321374091038-2502141731,ICE 713,Köln Hbf,Wiesbaden Hbf,2025-02-14 17:31:00,4,17,7
-1057492321374091038-2502141731,ICE 713,Köln Hbf,Mainz Hbf,2025-02-14 17:31:00,4,17,14
-1057492321374091038-2502141731,ICE 713,Köln Hbf,Frankfurt(Main)Hbf,2025-02-14 17:31:00,4,17,17
-1057492321374091038-2502141731,ICE 713,Wiesbaden Hbf,Mainz Hbf,2025-02-14 18:46:00,4,18,14
-1057492321374091038-2502141731,ICE 713,Wiesbaden Hbf,Frankfurt(Main)Hbf,2025-02-14 18:46:00,4,18,17
-1057492321374091038-2502141731,ICE 713,Mainz Hbf,Frankfurt(Main)Hbf,2025-02-14 18:57:00,4,18,17
-1057492321374091038-2502161731,ICE 713,Köln Hbf,Wiesbaden Hbf,2025-02-16 17:31:00,6,17,70
-1057492321374091038-2502161731,ICE 713,Köln Hbf,Mainz Hbf,2025-02-16 17:31:00,6,17,70
-1057492321374091038-2502161731,ICE 713,Köln Hbf,Frankfurt(Main)Hbf,2025-02-16 17:31:00,6,17,37
-1057492321374091038-2502161731,ICE 713,Wiesbaden Hbf,Mainz Hbf,2025-02-16 18:46:00,6,18,70
-1057492321374091038-2502161731,ICE 713,Wiesbaden Hbf,Frankfurt(Main)Hbf,2025-02-16 18:46:00,6,18,37
-1057492321374091038-2502161731,ICE 713,Mainz Hbf,Frankfurt(Main)Hbf,2025-02-16 18:57:00,6,18,37
-1057492321374091038-2502171731,ICE 713,Köln Hbf,Wiesbaden Hbf,2025-02-17 17:31:00,0,17,1
-1057492321374091038-2502171731,ICE 713,Köln Hbf,Mainz Hbf,2025-02-17 17:31:00,0,17,1
-1057492321374091038-2502171731,ICE 713,Köln Hbf,Frankfurt(Main)Hbf,2025-02-17 17:31:00,0,17,4
-1057492321374091038-2502171731,ICE 713,Wiesbaden Hbf,Mainz Hbf,2025-02-17 18:46:00,0,18,1
-1057492321374091038-2502171731,ICE 713,Wiesbaden Hbf,Frankfurt(Main)Hbf,2025-02-17 18:46:00,0,18,4
-1057492321374091038-2502171731,ICE 713,Mainz Hbf,Frankfurt(Main)Hbf,2025-02-17 18:57:00,0,18,4
-1057492321374091038-2502181731,ICE 713,Köln Hbf,Wiesbaden Hbf,2025-02-18 17:31:00,1,17,2
-1057492321374091038-2502181731,ICE 713,Köln Hbf,Mainz Hbf,2025-02-18 17:31:00,1,17,2
-1057492321374091038-2502181731,ICE 713,Köln Hbf,Frankfurt(Main)Hbf,2025-02-18 17:31:00,1,17,6
-1057492321374091038-2502181731,ICE 713,Wiesbaden Hbf,Mainz Hbf,2025-02-18 18:46:00,1,18,2
-1057492321374091038-2502181731,ICE 713,Wiesbaden Hbf,Frankfurt(Main)Hbf,2025-02-18 18:46:00,1,18,6
-1057492321374091038-2502181731,ICE 713,Mainz Hbf,Frankfurt(Main)Hbf,2025-02-18 18:57:00,1,18,6
-1057492321374091038-2502191731,ICE 713,Köln Hbf,Wiesbaden Hbf,2025-02-19 17:31:00,2,17,8
-1057492321374091038-2502191731,ICE 713,Köln Hbf,Mainz Hbf,2025-02-19 17:31:00,2,17,10
-1057492321374091038-2502191731,ICE 713,Köln Hbf,Frankfurt(Main)Hbf,2025-02-19 17:31:00,2,17,6
-1057492321374091038-2502191731,ICE 713,Wiesbaden Hbf,Mainz Hbf,2025-02-19 18:46:00,2,18,10
-1057492321374091038-2502191731,ICE 713,Wiesbaden Hbf,Frankfurt(Main)Hbf,2025-02-19 18:46:00,2,18,6
-1057492321374091038-2502191731,ICE 713,Mainz Hbf,Frankfurt(Main)Hbf,2025-02-19 18:57:00,2,18,6
-1057492321374091038-2502201731,ICE 713,Köln Hbf,Wiesbaden Hbf,2025-02-20 17:31:00,3,17,4
-1057492321374091038-2502201731,ICE 713,Köln Hbf,Mainz Hbf,2025-02-20 17:31:00,3,17,10
-1057492321374091038-2502201731,ICE 713,Köln Hbf,Frankfurt(Main)Hbf,2025-02-20 17:31:00,3,17,2
-1057492321374091038-2502201731,ICE 713,Wiesbaden Hbf,Mainz Hbf,2025-02-20 18:46:00,3,18,10
-1057492321374091038-2502201731,ICE 713,Wiesbaden Hbf,Frankfurt(Main)Hbf,2025-02-20 18:46:00,3,18,2
-1057492321374091038-2502201731,ICE 713,Mainz Hbf,Frankfurt(Main)Hbf,2025-02-20 18:57:00,3,18,2
-1057492321374091038-2502211731,ICE 713,Köln Hbf,Wiesbaden Hbf,2025-02-21 17:31:00,4,17,8
-1057492321374091038-2502211731,ICE 713,Köln Hbf,Mainz Hbf,2025-02-21 17:31:00,4,17,12
-1057492321374091038-2502211731,ICE 713,Köln Hbf,Frankfurt(Main)Hbf,2025-02-21 17:31:00,4,17,5
-1057492321374091038-2502211731,ICE 713,Wiesbaden Hbf,Mainz Hbf,2025-02-21 18:46:00,4,18,12
-1057492321374091038-2502211731,ICE 713,Wiesbaden Hbf,Frankfurt(Main)Hbf,2025-02-21 18:46:00,4,18,5
-1057492321374091038-2502211731,ICE 713,Mainz Hbf,Frankfurt(Main)Hbf,2025-02-21 18:57:00,4,18,5
-1057492321374091038-2502231728,ICE 713,Köln Hbf,Wiesbaden Hbf,2025-02-23 17:28:00,6,17,1
-1057492321374091038-2502231728,ICE 713,Köln Hbf,Frankfurt(Main)Hbf,2025-02-23 17:28:00,6,17,-15
-1057492321374091038-2502231728,ICE 713,Wiesbaden Hbf,Frankfurt(Main)Hbf,2025-02-23 19:01:00,6,19,-15
-1057492321374091038-2502241731,ICE 713,Köln Hbf,Wiesbaden Hbf,2025-02-24 17:31:00,0,17,1
-1057492321374091038-2502241731,ICE 713,Köln Hbf,Mainz Hbf,2025-02-24 17:31:00,0,17,2
-1057492321374091038-2502241731,ICE 713,Köln Hbf,Frankfurt(Main)Hbf,2025-02-24 17:31:00,0,17,1
-1057492321374091038-2502241731,ICE 713,Wiesbaden Hbf,Mainz Hbf,2025-02-24 18:46:00,0,18,2
-1057492321374091038-2502241731,ICE 713,Wiesbaden Hbf,Frankfurt(Main)Hbf,2025-02-24 18:46:00,0,18,1
-1057492321374091038-2502241731,ICE 713,Mainz Hbf,Frankfurt(Main)Hbf,2025-02-24 18:57:00,0,18,1
-1057492321374091038-2502251731,ICE 713,Köln Hbf,Wiesbaden Hbf,2025-02-25 17:31:00,1,17,4
-1057492321374091038-2502251731,ICE 713,Köln Hbf,Mainz Hbf,2025-02-25 17:31:00,1,17,6
-1057492321374091038-2502251731,ICE 713,Köln Hbf,Frankfurt(Main)Hbf,2025-02-25 17:31:00,1,17,3
-1057492321374091038-2502251731,ICE 713,Wiesbaden Hbf,Mainz Hbf,2025-02-25 18:46:00,1,18,6
-1057492321374091038-2502251731,ICE 713,Wiesbaden Hbf,Frankfurt(Main)Hbf,2025-02-25 18:46:00,1,18,3
-1057492321374091038-2502251731,ICE 713,Mainz Hbf,Frankfurt(Main)Hbf,2025-02-25 18:57:00,1,18,3
-1057492321374091038-2502261731,ICE 713,Köln Hbf,Wiesbaden Hbf,2025-02-26 17:31:00,2,17,39
-1057492321374091038-2502261731,ICE 713,Köln Hbf,Mainz Hbf,2025-02-26 17:31:00,2,17,43
-1057492321374091038-2502261731,ICE 713,Köln Hbf,Frankfurt(Main)Hbf,2025-02-26 17:31:00,2,17,41
-1057492321374091038-2502261731,ICE 713,Wiesbaden Hbf,Mainz Hbf,2025-02-26 18:46:00,2,18,43
-1057492321374091038-2502261731,ICE 713,Wiesbaden Hbf,Frankfurt(Main)Hbf,2025-02-26 18:46:00,2,18,41
-1057492321374091038-2502261731,ICE 713,Mainz Hbf,Frankfurt(Main)Hbf,2025-02-26 18:57:00,2,18,41
-1057492321374091038-2502271731,ICE 713,Köln Hbf,Wiesbaden Hbf,2025-02-27 17:31:00,3,17,0
-1057492321374091038-2502271731,ICE 713,Köln Hbf,Mainz Hbf,2025-02-27 17:31:00,3,17,2
-1057492321374091038-2502271731,ICE 713,Köln Hbf,Frankfurt(Main)Hbf,2025-02-27 17:31:00,3,17,0
-1057492321374091038-2502271731,ICE 713,Wiesbaden Hbf,Mainz Hbf,2025-02-27 18:46:00,3,18,2
-1057492321374091038-2502271731,ICE 713,Wiesbaden Hbf,Frankfurt(Main)Hbf,2025-02-27 18:46:00,3,18,0
-1057492321374091038-2502271731,ICE 713,Mainz Hbf,Frankfurt(Main)Hbf,2025-02-27 18:57:00,3,18,0
-1057492321374091038-2502281731,ICE 713,Köln Hbf,Wiesbaden Hbf,2025-02-28 17:31:00,4,17,4
-1057492321374091038-2502281731,ICE 713,Köln Hbf,Mainz Hbf,2025-02-28 17:31:00,4,17,2
-1057492321374091038-2502281731,ICE 713,Köln Hbf,Frankfurt(Main)Hbf,2025-02-28 17:31:00,4,17,4
-1057492321374091038-2502281731,ICE 713,Wiesbaden Hbf,Mainz Hbf,2025-02-28 18:46:00,4,18,2
-1057492321374091038-2502281731,ICE 713,Wiesbaden Hbf,Frankfurt(Main)Hbf,2025-02-28 18:46:00,4,18,4
-1057492321374091038-2502281731,ICE 713,Mainz Hbf,Frankfurt(Main)Hbf,2025-02-28 18:57:00,4,18,4
-1057492321374091038-2503021731,ICE 713,Köln Hbf,Wiesbaden Hbf,2025-03-02 17:31:00,6,17,4
-1057492321374091038-2503021731,ICE 713,Köln Hbf,Mainz Hbf,2025-03-02 17:31:00,6,17,2
-1057492321374091038-2503021731,ICE 713,Köln Hbf,Frankfurt(Main)Hbf,2025-03-02 17:31:00,6,17,1
-1057492321374091038-2503021731,ICE 713,Wiesbaden Hbf,Mainz Hbf,2025-03-02 18:46:00,6,18,2
-1057492321374091038-2503021731,ICE 713,Wiesbaden Hbf,Frankfurt(Main)Hbf,2025-03-02 18:46:00,6,18,1
-1057492321374091038-2503021731,ICE 713,Mainz Hbf,Frankfurt(Main)Hbf,2025-03-02 18:57:00,6,18,1
-1057492321374091038-2503031731,ICE 713,Köln Hbf,Wiesbaden Hbf,2025-03-03 17:31:00,0,17,11
-1057492321374091038-2503031731,ICE 713,Köln Hbf,Mainz Hbf,2025-03-03 17:31:00,0,17,15
-1057492321374091038-2503031731,ICE 713,Köln Hbf,Frankfurt(Main)Hbf,2025-03-03 17:31:00,0,17,5
-1057492321374091038-2503031731,ICE 713,Wiesbaden Hbf,Mainz Hbf,2025-03-03 18:46:00,0,18,15
-1057492321374091038-2503031731,ICE 713,Wiesbaden Hbf,Frankfurt(Main)Hbf,2025-03-03 18:46:00,0,18,5
-1057492321374091038-2503031731,ICE 713,Mainz Hbf,Frankfurt(Main)Hbf,2025-03-03 18:57:00,0,18,5
-1057492321374091038-2503041731,ICE 713,Köln Hbf,Wiesbaden Hbf,2025-03-04 17:31:00,1,17,4
-1057492321374091038-2503041731,ICE 713,Köln Hbf,Mainz Hbf,2025-03-04 17:31:00,1,17,9
-1057492321374091038-2503041731,ICE 713,Köln Hbf,Frankfurt(Main)Hbf,2025-03-04 17:31:00,1,17,1
-1057492321374091038-2503041731,ICE 713,Wiesbaden Hbf,Mainz Hbf,2025-03-04 18:46:00,1,18,9
-1057492321374091038-2503041731,ICE 713,Wiesbaden Hbf,Frankfurt(Main)Hbf,2025-03-04 18:46:00,1,18,1
-1057492321374091038-2503041731,ICE 713,Mainz Hbf,Frankfurt(Main)Hbf,2025-03-04 18:57:00,1,18,1
-1057492321374091038-2503051731,ICE 713,Köln Hbf,Wiesbaden Hbf,2025-03-05 17:31:00,2,17,8
-1057492321374091038-2503051731,ICE 713,Köln Hbf,Mainz Hbf,2025-03-05 17:31:00,2,17,11
-1057492321374091038-2503051731,ICE 713,Köln Hbf,Frankfurt(Main)Hbf,2025-03-05 17:31:00,2,17,5
-1057492321374091038-2503051731,ICE 713,Wiesbaden Hbf,Mainz Hbf,2025-03-05 18:46:00,2,18,11
-1057492321374091038-2503051731,ICE 713,Wiesbaden Hbf,Frankfurt(Main)Hbf,2025-03-05 18:46:00,2,18,5
-1057492321374091038-2503051731,ICE 713,Mainz Hbf,Frankfurt(Main)Hbf,2025-03-05 18:57:00,2,18,5
-1057492321374091038-2503061731,ICE 713,Köln Hbf,Wiesbaden Hbf,2025-03-06 17:31:00,3,17,8
-1057492321374091038-2503061731,ICE 713,Köln Hbf,Mainz Hbf,2025-03-06 17:31:00,3,17,25
-1057492321374091038-2503061731,ICE 713,Köln Hbf,Frankfurt(Main)Hbf,2025-03-06 17:31:00,3,17,12
-1057492321374091038-2503061731,ICE 713,Wiesbaden Hbf,Mainz Hbf,2025-03-06 18:46:00,3,18,25
-1057492321374091038-2503061731,ICE 713,Wiesbaden Hbf,Frankfurt(Main)Hbf,2025-03-06 18:46:00,3,18,12
-1057492321374091038-2503061731,ICE 713,Mainz Hbf,Frankfurt(Main)Hbf,2025-03-06 18:57:00,3,18,12
-1057492321374091038-2503071731,ICE 713,Köln Hbf,Wiesbaden Hbf,2025-03-07 17:31:00,4,17,4
-1057492321374091038-2503071731,ICE 713,Köln Hbf,Mainz Hbf,2025-03-07 17:31:00,4,17,9
-1057492321374091038-2503071731,ICE 713,Köln Hbf,Frankfurt(Main)Hbf,2025-03-07 17:31:00,4,17,10
-1057492321374091038-2503071731,ICE 713,Wiesbaden Hbf,Mainz Hbf,2025-03-07 18:46:00,4,18,9
-1057492321374091038-2503071731,ICE 713,Wiesbaden Hbf,Frankfurt(Main)Hbf,2025-03-07 18:46:00,4,18,10
-1057492321374091038-2503071731,ICE 713,Mainz Hbf,Frankfurt(Main)Hbf,2025-03-07 18:57:00,4,18,10
-1057492321374091038-2503091731,ICE 713,Köln Hbf,Wiesbaden Hbf,2025-03-09 17:31:00,6,17,2
-1057492321374091038-2503091731,ICE 713,Köln Hbf,Mainz Hbf,2025-03-09 17:31:00,6,17,0
-1057492321374091038-2503091731,ICE 713,Köln Hbf,Frankfurt(Main)Hbf,2025-03-09 17:31:00,6,17,15
-1057492321374091038-2503091731,ICE 713,Wiesbaden Hbf,Mainz Hbf,2025-03-09 18:46:00,6,18,0
-1057492321374091038-2503091731,ICE 713,Wiesbaden Hbf,Frankfurt(Main)Hbf,2025-03-09 18:46:00,6,18,15
-1057492321374091038-2503091731,ICE 713,Mainz Hbf,Frankfurt(Main)Hbf,2025-03-09 18:57:00,6,18,15
-1057492321374091038-2503101731,ICE 713,Köln Hbf,Wiesbaden Hbf,2025-03-10 17:31:00,0,17,3
-1057492321374091038-2503101731,ICE 713,Köln Hbf,Mainz Hbf,2025-03-10 17:31:00,0,17,4
-1057492321374091038-2503101731,ICE 713,Köln Hbf,Frankfurt(Main)Hbf,2025-03-10 17:31:00,0,17,3
-1057492321374091038-2503101731,ICE 713,Wiesbaden Hbf,Mainz Hbf,2025-03-10 18:46:00,0,18,4
-1057492321374091038-2503101731,ICE 713,Wiesbaden Hbf,Frankfurt(Main)Hbf,2025-03-10 18:46:00,0,18,3
-1057492321374091038-2503101731,ICE 713,Mainz Hbf,Frankfurt(Main)Hbf,2025-03-10 18:57:00,0,18,3
-1057492321374091038-2503111731,ICE 713,Köln Hbf,Wiesbaden Hbf,2025-03-11 17:31:00,1,17,6
-1057492321374091038-2503111731,ICE 713,Köln Hbf,Mainz Hbf,2025-03-11 17:31:00,1,17,9
-1057492321374091038-2503111731,ICE 713,Köln Hbf,Frankfurt(Main)Hbf,2025-03-11 17:31:00,1,17,4
-1057492321374091038-2503111731,ICE 713,Wiesbaden Hbf,Mainz Hbf,2025-03-11 18:46:00,1,18,9
-1057492321374091038-2503111731,ICE 713,Wiesbaden Hbf,Frankfurt(Main)Hbf,2025-03-11 18:46:00,1,18,4
-1057492321374091038-2503111731,ICE 713,Mainz Hbf,Frankfurt(Main)Hbf,2025-03-11 18:57:00,1,18,4
-1057492321374091038-2503121731,ICE 713,Köln Hbf,Wiesbaden Hbf,2025-03-12 17:31:00,2,17,2
-1057492321374091038-2503121731,ICE 713,Köln Hbf,Mainz Hbf,2025-03-12 17:31:00,2,17,9
-1057492321374091038-2503121731,ICE 713,Köln Hbf,Frankfurt(Main)Hbf,2025-03-12 17:31:00,2,17,2
-1057492321374091038-2503121731,ICE 713,Wiesbaden Hbf,Mainz Hbf,2025-03-12 18:46:00,2,18,9
-1057492321374091038-2503121731,ICE 713,Wiesbaden Hbf,Frankfurt(Main)Hbf,2025-03-12 18:46:00,2,18,2
-1057492321374091038-2503121731,ICE 713,Mainz Hbf,Frankfurt(Main)Hbf,2025-03-12 18:57:00,2,18,2
-1057492321374091038-2503131731,ICE 713,Köln Hbf,Wiesbaden Hbf,2025-03-13 17:31:00,3,17,2
-1057492321374091038-2503131731,ICE 713,Köln Hbf,Mainz Hbf,2025-03-13 17:31:00,3,17,3
-1057492321374091038-2503131731,ICE 713,Köln Hbf,Frankfurt(Main)Hbf,2025-03-13 17:31:00,3,17,26
-1057492321374091038-2503131731,ICE 713,Wiesbaden Hbf,Mainz Hbf,2025-03-13 18:46:00,3,18,3
-1057492321374091038-2503131731,ICE 713,Wiesbaden Hbf,Frankfurt(Main)Hbf,2025-03-13 18:46:00,3,18,26
-1057492321374091038-2503131731,ICE 713,Mainz Hbf,Frankfurt(Main)Hbf,2025-03-13 18:57:00,3,18,26
-1057492321374091038-2503141731,ICE 713,Köln Hbf,Wiesbaden Hbf,2025-03-14 17:31:00,4,17,6
-1057492321374091038-2503141731,ICE 713,Köln Hbf,Mainz Hbf,2025-03-14 17:31:00,4,17,7
-1057492321374091038-2503141731,ICE 713,Köln Hbf,Frankfurt(Main)Hbf,2025-03-14 17:31:00,4,17,1
-1057492321374091038-2503141731,ICE 713,Wiesbaden Hbf,Mainz Hbf,2025-03-14 18:46:00,4,18,7
-1057492321374091038-2503141731,ICE 713,Wiesbaden Hbf,Frankfurt(Main)Hbf,2025-03-14 18:46:00,4,18,1
-1057492321374091038-2503141731,ICE 713,Mainz Hbf,Frankfurt(Main)Hbf,2025-03-14 18:57:00,4,18,1
-1057492321374091038-2503161731,ICE 713,Köln Hbf,Wiesbaden Hbf,2025-03-16 17:31:00,6,17,1
-1057492321374091038-2503161731,ICE 713,Köln Hbf,Mainz Hbf,2025-03-16 17:31:00,6,17,1
-1057492321374091038-2503161731,ICE 713,Köln Hbf,Frankfurt(Main)Hbf,2025-03-16 17:31:00,6,17,5
-1057492321374091038-2503161731,ICE 713,Wiesbaden Hbf,Mainz Hbf,2025-03-16 18:46:00,6,18,1
-1057492321374091038-2503161731,ICE 713,Wiesbaden Hbf,Frankfurt(Main)Hbf,2025-03-16 18:46:00,6,18,5
-1057492321374091038-2503161731,ICE 713,Mainz Hbf,Frankfurt(Main)Hbf,2025-03-16 18:57:00,6,18,5
-1057492321374091038-2503171731,ICE 713,Köln Hbf,Wiesbaden Hbf,2025-03-17 17:31:00,0,17,1
-1057492321374091038-2503171731,ICE 713,Köln Hbf,Mainz Hbf,2025-03-17 17:31:00,0,17,2
-1057492321374091038-2503171731,ICE 713,Köln Hbf,Frankfurt(Main)Hbf,2025-03-17 17:31:00,0,17,1
-1057492321374091038-2503171731,ICE 713,Wiesbaden Hbf,Mainz Hbf,2025-03-17 18:46:00,0,18,2
-1057492321374091038-2503171731,ICE 713,Wiesbaden Hbf,Frankfurt(Main)Hbf,2025-03-17 18:46:00,0,18,1
-1057492321374091038-2503171731,ICE 713,Mainz Hbf,Frankfurt(Main)Hbf,2025-03-17 18:57:00,0,18,1
-1057492321374091038-2503181731,ICE 713,Köln Hbf,Wiesbaden Hbf,2025-03-18 17:31:00,1,17,38
-1057492321374091038-2503181731,ICE 713,Köln Hbf,Mainz Hbf,2025-03-18 17:31:00,1,17,42
-1057492321374091038-2503181731,ICE 713,Köln Hbf,Frankfurt(Main)Hbf,2025-03-18 17:31:00,1,17,35
-1057492321374091038-2503181731,ICE 713,Wiesbaden Hbf,Mainz Hbf,2025-03-18 18:46:00,1,18,42
-1057492321374091038-2503181731,ICE 713,Wiesbaden Hbf,Frankfurt(Main)Hbf,2025-03-18 18:46:00,1,18,35
-1057492321374091038-2503181731,ICE 713,Mainz Hbf,Frankfurt(Main)Hbf,2025-03-18 18:57:00,1,18,35
-1057492321374091038-2503191731,ICE 713,Köln Hbf,Wiesbaden Hbf,2025-03-19 17:31:00,2,17,44
-1057492321374091038-2503191731,ICE 713,Köln Hbf,Mainz Hbf,2025-03-19 17:31:00,2,17,46
-1057492321374091038-2503191731,ICE 713,Köln Hbf,Frankfurt(Main)Hbf,2025-03-19 17:31:00,2,17,75
-1057492321374091038-2503191731,ICE 713,Wiesbaden Hbf,Mainz Hbf,2025-03-19 18:46:00,2,18,46
-1057492321374091038-2503191731,ICE 713,Wiesbaden Hbf,Frankfurt(Main)Hbf,2025-03-19 18:46:00,2,18,75
-1057492321374091038-2503191731,ICE 713,Mainz Hbf,Frankfurt(Main)Hbf,2025-03-19 18:57:00,2,18,75
-1057492321374091038-2503201731,ICE 713,Köln Hbf,Wiesbaden Hbf,2025-03-20 17:31:00,3,17,33
-1057492321374091038-2503201731,ICE 713,Köln Hbf,Mainz Hbf,2025-03-20 17:31:00,3,17,34
-1057492321374091038-2503201731,ICE 713,Köln Hbf,Frankfurt(Main)Hbf,2025-03-20 17:31:00,3,17,28
-1057492321374091038-2503201731,ICE 713,Wiesbaden Hbf,Mainz Hbf,2025-03-20 18:46:00,3,18,34
-1057492321374091038-2503201731,ICE 713,Wiesbaden Hbf,Frankfurt(Main)Hbf,2025-03-20 18:46:00,3,18,28
-1057492321374091038-2503201731,ICE 713,Mainz Hbf,Frankfurt(Main)Hbf,2025-03-20 18:57:00,3,18,28
-1057492321374091038-2503211731,ICE 713,Köln Hbf,Wiesbaden Hbf,2025-03-21 17:31:00,4,17,0
-1057492321374091038-2503211731,ICE 713,Köln Hbf,Mainz Hbf,2025-03-21 17:31:00,4,17,0
-1057492321374091038-2503211731,ICE 713,Köln Hbf,Frankfurt(Main)Hbf,2025-03-21 17:31:00,4,17,0
-1057492321374091038-2503211731,ICE 713,Wiesbaden Hbf,Mainz Hbf,2025-03-21 18:46:00,4,18,0
-1057492321374091038-2503211731,ICE 713,Wiesbaden Hbf,Frankfurt(Main)Hbf,2025-03-21 18:46:00,4,18,0
-1057492321374091038-2503211731,ICE 713,Mainz Hbf,Frankfurt(Main)Hbf,2025-03-21 18:57:00,4,18,0
-1057492321374091038-2503231731,ICE 713,Köln Hbf,Wiesbaden Hbf,2025-03-23 17:31:00,6,17,3
-1057492321374091038-2503231731,ICE 713,Köln Hbf,Mainz Hbf,2025-03-23 17:31:00,6,17,2
-1057492321374091038-2503231731,ICE 713,Köln Hbf,Frankfurt(Main)Hbf,2025-03-23 17:31:00,6,17,6
-1057492321374091038-2503231731,ICE 713,Wiesbaden Hbf,Mainz Hbf,2025-03-23 18:46:00,6,18,2
-1057492321374091038-2503231731,ICE 713,Wiesbaden Hbf,Frankfurt(Main)Hbf,2025-03-23 18:46:00,6,18,6
-1057492321374091038-2503231731,ICE 713,Mainz Hbf,Frankfurt(Main)Hbf,2025-03-23 18:57:00,6,18,6
-1057492321374091038-2503241731,ICE 713,Köln Hbf,Wiesbaden Hbf,2025-03-24 17:31:00,0,17,0
-1057492321374091038-2503241731,ICE 713,Köln Hbf,Mainz Hbf,2025-03-24 17:31:00,0,17,0
-1057492321374091038-2503241731,ICE 713,Köln Hbf,Frankfurt(Main)Hbf,2025-03-24 17:31:00,0,17,2
-1057492321374091038-2503241731,ICE 713,Wiesbaden Hbf,Mainz Hbf,2025-03-24 18:46:00,0,18,0
-1057492321374091038-2503241731,ICE 713,Wiesbaden Hbf,Frankfurt(Main)Hbf,2025-03-24 18:46:00,0,18,2
-1057492321374091038-2503241731,ICE 713,Mainz Hbf,Frankfurt(Main)Hbf,2025-03-24 18:57:00,0,18,2
-1057492321374091038-2503251731,ICE 713,Köln Hbf,Wiesbaden Hbf,2025-03-25 17:31:00,1,17,1
-1057492321374091038-2503251731,ICE 713,Köln Hbf,Mainz Hbf,2025-03-25 17:31:00,1,17,2
-1057492321374091038-2503251731,ICE 713,Köln Hbf,Frankfurt(Main)Hbf,2025-03-25 17:31:00,1,17,2
-1057492321374091038-2503251731,ICE 713,Wiesbaden Hbf,Mainz Hbf,2025-03-25 18:46:00,1,18,2
-1057492321374091038-2503251731,ICE 713,Wiesbaden Hbf,Frankfurt(Main)Hbf,2025-03-25 18:46:00,1,18,2
-1057492321374091038-2503251731,ICE 713,Mainz Hbf,Frankfurt(Main)Hbf,2025-03-25 18:57:00,1,18,2
-1057492321374091038-2503261731,ICE 713,Köln Hbf,Wiesbaden Hbf,2025-03-26 17:31:00,2,17,1
-1057492321374091038-2503261731,ICE 713,Köln Hbf,Mainz Hbf,2025-03-26 17:31:00,2,17,2
-1057492321374091038-2503261731,ICE 713,Köln Hbf,Frankfurt(Main)Hbf,2025-03-26 17:31:00,2,17,6
-1057492321374091038-2503261731,ICE 713,Wiesbaden Hbf,Mainz Hbf,2025-03-26 18:46:00,2,18,2
-1057492321374091038-2503261731,ICE 713,Wiesbaden Hbf,Frankfurt(Main)Hbf,2025-03-26 18:46:00,2,18,6
-1057492321374091038-2503261731,ICE 713,Mainz Hbf,Frankfurt(Main)Hbf,2025-03-26 18:57:00,2,18,6
-1057492321374091038-2503271731,ICE 713,Köln Hbf,Wiesbaden Hbf,2025-03-27 17:31:00,3,17,7
-1057492321374091038-2503271731,ICE 713,Köln Hbf,Mainz Hbf,2025-03-27 17:31:00,3,17,10
-1057492321374091038-2503271731,ICE 713,Köln Hbf,Frankfurt(Main)Hbf,2025-03-27 17:31:00,3,17,3
-1057492321374091038-2503271731,ICE 713,Wiesbaden Hbf,Mainz Hbf,2025-03-27 18:46:00,3,18,10
-1057492321374091038-2503271731,ICE 713,Wiesbaden Hbf,Frankfurt(Main)Hbf,2025-03-27 18:46:00,3,18,3
-1057492321374091038-2503271731,ICE 713,Mainz Hbf,Frankfurt(Main)Hbf,2025-03-27 18:57:00,3,18,3
-1057492321374091038-2503281731,ICE 713,Köln Hbf,Wiesbaden Hbf,2025-03-28 17:31:00,4,17,1
-1057492321374091038-2503281731,ICE 713,Köln Hbf,Mainz Hbf,2025-03-28 17:31:00,4,17,1
-1057492321374091038-2503281731,ICE 713,Köln Hbf,Frankfurt(Main)Hbf,2025-03-28 17:31:00,4,17,11
-1057492321374091038-2503281731,ICE 713,Wiesbaden Hbf,Mainz Hbf,2025-03-28 18:46:00,4,18,1
-1057492321374091038-2503281731,ICE 713,Wiesbaden Hbf,Frankfurt(Main)Hbf,2025-03-28 18:46:00,4,18,11
-1057492321374091038-2503281731,ICE 713,Mainz Hbf,Frankfurt(Main)Hbf,2025-03-28 18:57:00,4,18,11
-1057492321374091038-2503301731,ICE 713,Köln Hbf,Wiesbaden Hbf,2025-03-30 17:31:00,6,17,3
-1057492321374091038-2503301731,ICE 713,Köln Hbf,Mainz Hbf,2025-03-30 17:31:00,6,17,4
-1057492321374091038-2503301731,ICE 713,Köln Hbf,Frankfurt(Main)Hbf,2025-03-30 17:31:00,6,17,0
-1057492321374091038-2503301731,ICE 713,Wiesbaden Hbf,Mainz Hbf,2025-03-30 18:46:00,6,18,4
-1057492321374091038-2503301731,ICE 713,Wiesbaden Hbf,Frankfurt(Main)Hbf,2025-03-30 18:46:00,6,18,0
-1057492321374091038-2503301731,ICE 713,Mainz Hbf,Frankfurt(Main)Hbf,2025-03-30 18:57:00,6,18,0
-1057492321374091038-2503311731,ICE 713,Köln Hbf,Wiesbaden Hbf,2025-03-31 17:31:00,0,17,4
-1057492321374091038-2503311731,ICE 713,Köln Hbf,Mainz Hbf,2025-03-31 17:31:00,0,17,8
-1057492321374091038-2503311731,ICE 713,Köln Hbf,Frankfurt(Main)Hbf,2025-03-31 17:31:00,0,17,3
-1057492321374091038-2503311731,ICE 713,Wiesbaden Hbf,Mainz Hbf,2025-03-31 18:46:00,0,18,8
-1057492321374091038-2503311731,ICE 713,Wiesbaden Hbf,Frankfurt(Main)Hbf,2025-03-31 18:46:00,0,18,3
-1057492321374091038-2503311731,ICE 713,Mainz Hbf,Frankfurt(Main)Hbf,2025-03-31 18:57:00,0,18,3
-1057492321374091038-2504011731,ICE 713,Köln Hbf,Wiesbaden Hbf,2025-04-01 17:31:00,1,17,1
